0.396,1.6,0.5072,0.12704,0.0376136,-0.03664,0.558566,-0.05328,0.0416512,0.642534,0.364842305,0.646409597,0.564413502,0.688295991,0.257851
0.594,1.6,0.5072,0.12704,0.0376136,-0.03664,0.558566,-0.05328,0.0416512,0.642534,0.364842305,0.646409597,0.564413502,0.688295991,0.616414
0.792,1.6,0.5072,0.12704,0.0376136,-0.03664,0.558566,-0.05328,0.0416512,0.642534,0.364842305,0.646409597,0.564413502,0.688295991,1.1084
0.99,1.6,0.5072,0.12704,0.0376136,-0.03664,0.558566,-0.05328,0.0416512,0.642534,0.364842305,0.646409597,0.564413502,0.688295991,1.88482
1.189,1.6,0.5072,0.12704,0.0376136,-0.03664,0.558566,-0.05328,0.0416512,0.642534,0.364842305,0.646409597,0.564413502,0.688295991,3.01934
1.387,1.6,0.5072,0.12704,0.0376136,-0.03664,0.558566,-0.05328,0.0416512,0.642534,0.364842305,0.646409597,0.564413502,0.688295991,4.75255
1.585,1.6,0.5072,0.12704,0.0376136,-0.03664,0.558566,-0.05328,0.0416512,0.642534,0.364842305,0.646409597,0.564413502,0.688295991,9.79318
1.783,1.6,0.5072,0.12704,0.0376136,-0.03664,0.558566,-0.05328,0.0416512,0.642534,0.364842305,0.646409597,0.564413502,0.688295991,19.4122
1.981,1.6,0.5072,0.12704,0.0376136,-0.03664,0.558566,-0.05328,0.0416512,0.642534,0.364842305,0.646409597,0.564413502,0.688295991,32.7027
2.179,1.6,0.5072,0.12704,0.0376136,-0.03664,0.558566,-0.05328,0.0416512,0.642534,0.364842305,0.646409597,0.564413502,0.688295991,44.5576
2.377,1.6,0.5072,0.12704,0.0376136,-0.03664,0.558566,-0.05328,0.0416512,0.642534,0.364842305,0.646409597,0.564413502,0.688295991,51.149
0.396,1.6,0.4416,0.14512,0.0376013,-0.0368,0.488115,-0.05344,0.0414208,0.608538,0.366713208,0.646341669,0.567367424,0.690833066,0.259199
0.594,1.6,0.4416,0.14512,0.0376013,-0.0368,0.488115,-0.05344,0.0414208,0.608538,0.366713208,0.646341669,0.567367424,0.690833066,0.614697
0.792,1.6,0.4416,0.14512,0.0376013,-0.0368,0.488115,-0.05344,0.0414208,0.608538,0.366713208,0.646341669,0.567367424,0.690833066,1.0898
0.99,1.6,0.4416,0.14512,0.0376013,-0.0368,0.488115,-0.05344,0.0414208,0.608538,0.366713208,0.646341669,0.567367424,0.690833066,1.76349
1.189,1.6,0.4416,0.14512,0.0376013,-0.0368,0.488115,-0.05344,0.0414208,0.608538,0.366713208,0.646341669,0.567367424,0.690833066,2.89444
1.387,1.6,0.4416,0.14512,0.0376013,-0.0368,0.488115,-0.05344,0.0414208,0.608538,0.366713208,0.646341669,0.567367424,0.690833066,4.54028
1.585,1.6,0.4416,0.14512,0.0376013,-0.0368,0.488115,-0.05344,0.0414208,0.608538,0.366713208,0.646341669,0.567367424,0.690833066,10.2157
1.783,1.6,0.4416,0.14512,0.0376013,-0.0368,0.488115,-0.05344,0.0414208,0.608538,0.366713208,0.646341669,0.567367424,0.690833066,20.9108
1.981,1.6,0.4416,0.14512,0.0376013,-0.0368,0.488115,-0.05344,0.0414208,0.608538,0.366713208,0.646341669,0.567367424,0.690833066,35.1604
2.179,1.6,0.4416,0.14512,0.0376013,-0.0368,0.488115,-0.05344,0.0414208,0.608538,0.366713208,0.646341669,0.567367424,0.690833066,45.1336
2.377,1.6,0.4416,0.14512,0.0376013,-0.0368,0.488115,-0.05344,0.0414208,0.608538,0.366713208,0.646341669,0.567367424,0.690833066,51.3505
0.396,1.6,0.5824,0.10896,0.0375276,-0.0368,0.647424,-0.05312,0.0410368,0.700493,0.369608793,0.646673395,0.571554043,0.694780162,0.325848
0.495,1.6,0.5824,0.10896,0.0375276,-0.0368,0.647424,-0.05312,0.0410368,0.700493,0.369608793,0.646673395,0.571554043,0.694780162,0.5062
0.594,1.6,0.5824,0.10896,0.0375276,-0.0368,0.647424,-0.05312,0.0410368,0.700493,0.369608793,0.646673395,0.571554043,0.694780162,0.695408
0.693,1.6,0.5824,0.10896,0.0375276,-0.0368,0.647424,-0.05312,0.0410368,0.700493,0.369608793,0.646673395,0.571554043,0.694780162,0.923472
0.792,1.6,0.5824,0.10896,0.0375276,-0.0368,0.647424,-0.05312,0.0410368,0.700493,0.369608793,0.646673395,0.571554043,0.694780162,1.31539
0.892,1.6,0.5824,0.10896,0.0375276,-0.0368,0.647424,-0.05312,0.0410368,0.700493,0.369608793,0.646673395,0.571554043,0.694780162,1.67197
0.99,1.6,0.5824,0.10896,0.0375276,-0.0368,0.647424,-0.05312,0.0410368,0.700493,0.369608793,0.646673395,0.571554043,0.694780162,2.1128
1.189,1.6,0.5824,0.10896,0.0375276,-0.0368,0.647424,-0.05312,0.0410368,0.700493,0.369608793,0.646673395,0.571554043,0.694780162,3.46237
1.389,1.6,0.5824,0.10896,0.0375276,-0.0368,0.647424,-0.05312,0.0410368,0.700493,0.369608793,0.646673395,0.571554043,0.694780162,5.56098
1.588,1.6,0.5824,0.10896,0.0375276,-0.0368,0.647424,-0.05312,0.0410368,0.700493,0.369608793,0.646673395,0.571554043,0.694780162,10.5802
1.779,1.6,0.5824,0.10896,0.0375276,-0.0368,0.647424,-0.05312,0.0410368,0.700493,0.369608793,0.646673395,0.571554043,0.694780162,20.1688
1.979,1.6,0.5824,0.10896,0.0375276,-0.0368,0.647424,-0.05312,0.0410368,0.700493,0.369608793,0.646673395,0.571554043,0.694780162,34.3606
2.179,1.6,0.5824,0.10896,0.0375276,-0.0368,0.647424,-0.05312,0.0410368,0.700493,0.369608793,0.646673395,0.571554043,0.694780162,47.8687
2.379,1.6,0.5824,0.10896,0.0375276,-0.0368,0.647424,-0.05312,0.0410368,0.700493,0.369608793,0.646673395,0.571554043,0.694780162,54.423
2.579,1.6,0.5824,0.10896,0.0375276,-0.0368,0.647424,-0.05312,0.0410368,0.700493,0.369608793,0.646673395,0.571554043,0.694780162,58.5455
0.396,1.6,0.456,0.11552,0.0309248,-0.03664,0.504294,-0.05328,0.034048,0.580966,0.366914518,0.646352692,0.567669204,0.691192394,0.23319
0.594,1.6,0.456,0.11552,0.0309248,-0.03664,0.504294,-0.05328,0.034048,0.580966,0.366914518,0.646352692,0.567669204,0.691192394,0.498678
0.792,1.6,0.456,0.11552,0.0309248,-0.03664,0.504294,-0.05328,0.034048,0.580966,0.366914518,0.646352692,0.567669204,0.691192394,1.01976
0.99,1.6,0.456,0.11552,0.0309248,-0.03664,0.504294,-0.05328,0.034048,0.580966,0.366914518,0.646352692,0.567669204,0.691192394,1.65044
1.189,1.6,0.456,0.11552,0.0309248,-0.03664,0.504294,-0.05328,0.034048,0.580966,0.366914518,0.646352692,0.567669204,0.691192394,2.66537
1.387,1.6,0.456,0.11552,0.0309248,-0.03664,0.504294,-0.05328,0.034048,0.580966,0.366914518,0.646352692,0.567669204,0.691192394,4.23818
1.585,1.6,0.456,0.11552,0.0309248,-0.03664,0.504294,-0.05328,0.034048,0.580966,0.366914518,0.646352692,0.567669204,0.691192394,8.32458
1.783,1.6,0.456,0.11552,0.0309248,-0.03664,0.504294,-0.05328,0.034048,0.580966,0.366914518,0.646352692,0.567669204,0.691192394,15.8246
1.981,1.6,0.456,0.11552,0.0309248,-0.03664,0.504294,-0.05328,0.034048,0.580966,0.366914518,0.646352692,0.567669204,0.691192394,26.1262
2.179,1.6,0.456,0.11552,0.0309248,-0.03664,0.504294,-0.05328,0.034048,0.580966,0.366914518,0.646352692,0.567669204,0.691192394,34.5074
2.377,1.6,0.456,0.11552,0.0309248,-0.03664,0.504294,-0.05328,0.034048,0.580966,0.366914518,0.646352692,0.567669204,0.691192394,39.8852
0.396,1.6,0.5824,0.1472,0.0495575,-0.03856,0.636749,-0.05488,0.055424,0.733722,0.361293537,0.64650021,0.558845197,0.683324383,0.292902
0.594,1.6,0.5824,0.1472,0.0495575,-0.03856,0.636749,-0.05488,0.055424,0.733722,0.361293537,0.64650021,0.558845197,0.683324383,0.757529
0.792,1.6,0.5824,0.1472,0.0495575,-0.03856,0.636749,-0.05488,0.055424,0.733722,0.361293537,0.64650021,0.558845197,0.683324383,1.33961
0.99,1.6,0.5824,0.1472,0.0495575,-0.03856,0.636749,-0.05488,0.055424,0.733722,0.361293537,0.64650021,0.558845197,0.683324383,2.30413
1.189,1.6,0.5824,0.1472,0.0495575,-0.03856,0.636749,-0.05488,0.055424,0.733722,0.361293537,0.64650021,0.558845197,0.683324383,3.75273
1.387,1.6,0.5824,0.1472,0.0495575,-0.03856,0.636749,-0.05488,0.055424,0.733722,0.361293537,0.64650021,0.558845197,0.683324383,6.1331
1.585,1.6,0.5824,0.1472,0.0495575,-0.03856,0.636749,-0.05488,0.055424,0.733722,0.361293537,0.64650021,0.558845197,0.683324383,12.8569
1.783,1.6,0.5824,0.1472,0.0495575,-0.03856,0.636749,-0.05488,0.055424,0.733722,0.361293537,0.64650021,0.558845197,0.683324383,26.3132
1.981,1.6,0.5824,0.1472,0.0495575,-0.03856,0.636749,-0.05488,0.055424,0.733722,0.361293537,0.64650021,0.558845197,0.683324383,47.7229
2.179,1.6,0.5824,0.1472,0.0495575,-0.03856,0.636749,-0.05488,0.055424,0.733722,0.361293537,0.64650021,0.558845197,0.683324383,70.2521
2.377,1.6,0.5824,0.1472,0.0495575,-0.03856,0.636749,-0.05488,0.055424,0.733722,0.361293537,0.64650021,0.558845197,0.683324383,81.8997
0.396,1.6,0.5072,0.17024,0.050135,-0.0384,0.556237,-0.05472,0.055808,0.699853,0.362894333,0.646331918,0.561467448,0.685426078,0.230859
0.594,1.6,0.5072,0.17024,0.050135,-0.0384,0.556237,-0.05472,0.055808,0.699853,0.362894333,0.646331918,0.561467448,0.685426078,0.715183
0.792,1.6,0.5072,0.17024,0.050135,-0.0384,0.556237,-0.05472,0.055808,0.699853,0.362894333,0.646331918,0.561467448,0.685426078,1.34944
0.99,1.6,0.5072,0.17024,0.050135,-0.0384,0.556237,-0.05472,0.055808,0.699853,0.362894333,0.646331918,0.561467448,0.685426078,2.22962
1.19,1.6,0.5072,0.17024,0.050135,-0.0384,0.556237,-0.05472,0.055808,0.699853,0.362894333,0.646331918,0.561467448,0.685426078,3.70806
1.391,1.6,0.5072,0.17024,0.050135,-0.0384,0.556237,-0.05472,0.055808,0.699853,0.362894333,0.646331918,0.561467448,0.685426078,5.91581
1.59,1.6,0.5072,0.17024,0.050135,-0.0384,0.556237,-0.05472,0.055808,0.699853,0.362894333,0.646331918,0.561467448,0.685426078,13.3701
1.78,1.6,0.5072,0.17024,0.050135,-0.0384,0.556237,-0.05472,0.055808,0.699853,0.362894333,0.646331918,0.561467448,0.685426078,29.2147
1.981,1.6,0.5072,0.17024,0.050135,-0.0384,0.556237,-0.05472,0.055808,0.699853,0.362894333,0.646331918,0.561467448,0.685426078,52.7529
2.181,1.6,0.5072,0.17024,0.050135,-0.0384,0.556237,-0.05472,0.055808,0.699853,0.362894333,0.646331918,0.561467448,0.685426078,77.0754
2.381,1.6,0.5072,0.17024,0.050135,-0.0384,0.556237,-0.05472,0.055808,0.699853,0.362894333,0.646331918,0.561467448,0.685426078,91.2036
2.581,1.6,0.5072,0.17024,0.050135,-0.0384,0.556237,-0.05472,0.055808,0.699853,0.362894333,0.646331918,0.561467448,0.685426078,97.2705
2.771,1.6,0.5072,0.17024,0.050135,-0.0384,0.556237,-0.05472,0.055808,0.699853,0.362894333,0.646331918,0.561467448,0.685426078,100.688
0.396,1.6,0.5072,0.1024,0.0301138,-0.03664,0.55593,-0.0536,0.0335616,0.610074,0.362381796,0.646194779,0.560793444,0.68504782,0.248232
0.495,1.6,0.5072,0.1024,0.0301138,-0.03664,0.55593,-0.0536,0.0335616,0.610074,0.362381796,0.646194779,0.560793444,0.68504782,0.420487
0.594,1.6,0.5072,0.1024,0.0301138,-0.03664,0.55593,-0.0536,0.0335616,0.610074,0.362381796,0.646194779,0.560793444,0.68504782,0.573021
0.693,1.6,0.5072,0.1024,0.0301138,-0.03664,0.55593,-0.0536,0.0335616,0.610074,0.362381796,0.646194779,0.560793444,0.68504782,0.803834
0.791,1.6,0.5072,0.1024,0.0301138,-0.03664,0.55593,-0.0536,0.0335616,0.610074,0.362381796,0.646194779,0.560793444,0.68504782,1.06523
0.891,1.6,0.5072,0.1024,0.0301138,-0.03664,0.55593,-0.0536,0.0335616,0.610074,0.362381796,0.646194779,0.560793444,0.68504782,1.3583
0.99,1.6,0.5072,0.1024,0.0301138,-0.03664,0.55593,-0.0536,0.0335616,0.610074,0.362381796,0.646194779,0.560793444,0.68504782,1.76895
1.189,1.6,0.5072,0.1024,0.0301138,-0.03664,0.55593,-0.0536,0.0335616,0.610074,0.362381796,0.646194779,0.560793444,0.68504782,2.78363
1.39,1.6,0.5072,0.1024,0.0301138,-0.03664,0.55593,-0.0536,0.0335616,0.610074,0.362381796,0.646194779,0.560793444,0.68504782,4.44423
1.588,1.6,0.5072,0.1024,0.0301138,-0.03664,0.55593,-0.0536,0.0335616,0.610074,0.362381796,0.646194779,0.560793444,0.68504782,8.3873
1.778,1.6,0.5072,0.1024,0.0301138,-0.03664,0.55593,-0.0536,0.0335616,0.610074,0.362381796,0.646194779,0.560793444,0.68504782,15.2459
1.979,1.6,0.5072,0.1024,0.0301138,-0.03664,0.55593,-0.0536,0.0335616,0.610074,0.362381796,0.646194779,0.560793444,0.68504782,24.6705
2.178,1.6,0.5072,0.1024,0.0301138,-0.03664,0.55593,-0.0536,0.0335616,0.610074,0.362381796,0.646194779,0.560793444,0.68504782,33.6565
2.378,1.6,0.5072,0.1024,0.0301138,-0.03664,0.55593,-0.0536,0.0335616,0.610074,0.362381796,0.646194779,0.560793444,0.68504782,38.3765
2.577,1.6,0.5072,0.1024,0.0301138,-0.03664,0.55593,-0.0536,0.0335616,0.610074,0.362381796,0.646194779,0.560793444,0.68504782,41.2834
0.396,1.6,0.5072,0.12704,0.0376136,0,0.5632,-0.03056,0.0416512,0.65664,0.364842305,0.646409597,0.564413502,0.694006291,0.250731
0.594,1.6,0.5072,0.12704,0.0376136,0,0.5632,-0.03056,0.0416512,0.65664,0.364842305,0.646409597,0.564413502,0.694006291,0.643645
0.792,1.6,0.5072,0.12704,0.0376136,0,0.5632,-0.03056,0.0416512,0.65664,0.364842305,0.646409597,0.564413502,0.694006291,1.15092
0.99,1.6,0.5072,0.12704,0.0376136,0,0.5632,-0.03056,0.0416512,0.65664,0.364842305,0.646409597,0.564413502,0.694006291,1.92057
1.19,1.6,0.5072,0.12704,0.0376136,0,0.5632,-0.03056,0.0416512,0.65664,0.364842305,0.646409597,0.564413502,0.694006291,3.24587
1.391,1.6,0.5072,0.12704,0.0376136,0,0.5632,-0.03056,0.0416512,0.65664,0.364842305,0.646409597,0.564413502,0.694006291,5.27689
1.59,1.6,0.5072,0.12704,0.0376136,0,0.5632,-0.03056,0.0416512,0.65664,0.364842305,0.646409597,0.564413502,0.694006291,11.3399
1.78,1.6,0.5072,0.12704,0.0376136,0,0.5632,-0.03056,0.0416512,0.65664,0.364842305,0.646409597,0.564413502,0.694006291,21.0589
1.981,1.6,0.5072,0.12704,0.0376136,0,0.5632,-0.03056,0.0416512,0.65664,0.364842305,0.646409597,0.564413502,0.694006291,35.1637
2.181,1.6,0.5072,0.12704,0.0376136,0,0.5632,-0.03056,0.0416512,0.65664,0.364842305,0.646409597,0.564413502,0.694006291,47.3132
2.381,1.6,0.5072,0.12704,0.0376136,0,0.5632,-0.03056,0.0416512,0.65664,0.364842305,0.646409597,0.564413502,0.694006291,53.1178
2.581,1.6,0.5072,0.12704,0.0376136,0,0.5632,-0.03056,0.0416512,0.65664,0.364842305,0.646409597,0.564413502,0.694006291,56.6425
0.396,1.6,0.5072,0.12704,0.0376218,-0.07968,0.553318,-0.07952,0.0416512,0.62505,0.364921836,0.646409597,0.564536539,0.681829176,0.255554
0.594,1.6,0.5072,0.12704,0.0376218,-0.07968,0.553318,-0.07952,0.0416512,0.62505,0.364921836,0.646409597,0.564536539,0.681829176,0.629997
0.791,1.6,0.5072,0.12704,0.0376218,-0.07968,0.553318,-0.07952,0.0416512,0.62505,0.364921836,0.646409597,0.564536539,0.681829176,1.15742
0.99,1.6,0.5072,0.12704,0.0376218,-0.07968,0.553318,-0.07952,0.0416512,0.62505,0.364921836,0.646409597,0.564536539,0.681829176,1.88721
1.189,1.6,0.5072,0.12704,0.0376218,-0.07968,0.553318,-0.07952,0.0416512,0.62505,0.364921836,0.646409597,0.564536539,0.681829176,3.27968
1.387,1.6,0.5072,0.12704,0.0376218,-0.07968,0.553318,-0.07952,0.0416512,0.62505,0.364921836,0.646409597,0.564536539,0.681829176,5.21918
1.585,1.6,0.5072,0.12704,0.0376218,-0.07968,0.553318,-0.07952,0.0416512,0.62505,0.364921836,0.646409597,0.564536539,0.681829176,10.1965
1.783,1.6,0.5072,0.12704,0.0376218,-0.07968,0.553318,-0.07952,0.0416512,0.62505,0.364921836,0.646409597,0.564536539,0.681829176,20.5845
1.981,1.6,0.5072,0.12704,0.0376218,-0.07968,0.553318,-0.07952,0.0416512,0.62505,0.364921836,0.646409597,0.564536539,0.681829176,34.6183
2.179,1.6,0.5072,0.12704,0.0376218,-0.07968,0.553318,-0.07952,0.0416512,0.62505,0.364921836,0.646409597,0.564536539,0.681829176,47.227
2.377,1.6,0.5072,0.12704,0.0376218,-0.07968,0.553318,-0.07952,0.0416512,0.62505,0.364921836,0.646409597,0.564536539,0.681829176,56.5013
0.396,1.6,0.456,0.11584,0.0308019,-0.00016,0.505933,-0.03088,0.0341504,0.592282,0.364446775,0.646505737,0.563717774,0.693438842,0.196334
0.594,1.6,0.456,0.11584,0.0308019,-0.00016,0.505933,-0.03088,0.0341504,0.592282,0.364446775,0.646505737,0.563717774,0.693438842,0.517251
0.792,1.6,0.456,0.11584,0.0308019,-0.00016,0.505933,-0.03088,0.0341504,0.592282,0.364446775,0.646505737,0.563717774,0.693438842,0.969335
0.891,1.6,0.456,0.11584,0.0308019,-0.00016,0.505933,-0.03088,0.0341504,0.592282,0.364446775,0.646505737,0.563717774,0.693438842,1.30481
0.99,1.6,0.456,0.11584,0.0308019,-0.00016,0.505933,-0.03088,0.0341504,0.592282,0.364446775,0.646505737,0.563717774,0.693438842,1.65259
1.1,1.6,0.456,0.11584,0.0308019,-0.00016,0.505933,-0.03088,0.0341504,0.592282,0.364446775,0.646505737,0.563717774,0.693438842,2.19855
1.19,1.6,0.456,0.11584,0.0308019,-0.00016,0.505933,-0.03088,0.0341504,0.592282,0.364446775,0.646505737,0.563717774,0.693438842,2.75659
1.29,1.6,0.456,0.11584,0.0308019,-0.00016,0.505933,-0.03088,0.0341504,0.592282,0.364446775,0.646505737,0.563717774,0.693438842,3.52098
1.39,1.6,0.456,0.11584,0.0308019,-0.00016,0.505933,-0.03088,0.0341504,0.592282,0.364446775,0.646505737,0.563717774,0.693438842,4.57062
1.49,1.6,0.456,0.11584,0.0308019,-0.00016,0.505933,-0.03088,0.0341504,0.592282,0.364446775,0.646505737,0.563717774,0.693438842,6.39752
1.59,1.6,0.456,0.11584,0.0308019,-0.00016,0.505933,-0.03088,0.0341504,0.592282,0.364446775,0.646505737,0.563717774,0.693438842,9.12468
1.68,1.6,0.456,0.11584,0.0308019,-0.00016,0.505933,-0.03088,0.0341504,0.592282,0.364446775,0.646505737,0.563717774,0.693438842,12.255
1.78,1.6,0.456,0.11584,0.0308019,-0.00016,0.505933,-0.03088,0.0341504,0.592282,0.364446775,0.646505737,0.563717774,0.693438842,16.7999
1.881,1.6,0.456,0.11584,0.0308019,-0.00016,0.505933,-0.03088,0.0341504,0.592282,0.364446775,0.646505737,0.563717774,0.693438842,21.6677
1.981,1.6,0.456,0.11584,0.0308019,-0.00016,0.505933,-0.03088,0.0341504,0.592282,0.364446775,0.646505737,0.563717774,0.693438842,26.485
2.18,1.6,0.456,0.11584,0.0308019,-0.00016,0.505933,-0.03088,0.0341504,0.592282,0.364446775,0.646505737,0.563717774,0.693438842,34.6358
0.396,1.6,0.456,0.12352,0.030806,-0.0368,0.479437,-0.05552,0.0364032,0.565734,0.341832366,0.646304899,0.528902639,0.657123062,0.223694
0.594,1.6,0.456,0.12352,0.030806,-0.0368,0.479437,-0.05552,0.0364032,0.565734,0.341832366,0.646304899,0.528902639,0.657123062,0.540312
0.792,1.6,0.456,0.12352,0.030806,-0.0368,0.479437,-0.05552,0.0364032,0.565734,0.341832366,0.646304899,0.528902639,0.657123062,0.963776
0.99,1.6,0.456,0.12352,0.030806,-0.0368,0.479437,-0.05552,0.0364032,0.565734,0.341832366,0.646304899,0.528902639,0.657123062,1.52909
1.19,1.6,0.456,0.12352,0.030806,-0.0368,0.479437,-0.05552,0.0364032,0.565734,0.341832366,0.646304899,0.528902639,0.657123062,2.37463
1.391,1.6,0.456,0.12352,0.030806,-0.0368,0.479437,-0.05552,0.0364032,0.565734,0.341832366,0.646304899,0.528902639,0.657123062,3.91645
1.59,1.6,0.456,0.12352,0.030806,-0.0368,0.479437,-0.05552,0.0364032,0.565734,0.341832366,0.646304899,0.528902639,0.657123062,9.06164
1.78,1.6,0.456,0.12352,0.030806,-0.0368,0.479437,-0.05552,0.0364032,0.565734,0.341832366,0.646304899,0.528902639,0.657123062,16.8337
1.981,1.6,0.456,0.12352,0.030806,-0.0368,0.479437,-0.05552,0.0364032,0.565734,0.341832366,0.646304899,0.528902639,0.657123062,27.8768
2.18,1.6,0.456,0.12352,0.030806,-0.0368,0.479437,-0.05552,0.0364032,0.565734,0.341832366,0.646304899,0.528902639,0.657123062,36.0256
2.381,1.6,0.456,0.12352,0.030806,-0.0368,0.479437,-0.05552,0.0364032,0.565734,0.341832366,0.646304899,0.528902639,0.657123062,41.0609
2.58,1.6,0.456,0.12352,0.030806,-0.0368,0.479437,-0.05552,0.0364032,0.565734,0.341832366,0.646304899,0.528902639,0.657123062,44.6751
2.77,1.6,0.456,0.12352,0.030806,-0.0368,0.479437,-0.05552,0.0364032,0.565734,0.341832366,0.646304899,0.528902639,0.657123062,46.7344
0.396,1.6,0.5056,0.13728,0.03806,-0.03664,0.532659,-0.0552,0.0448512,0.629734,0.342716058,0.646189257,0.530364834,0.658449135,0.229455
0.495,1.6,0.5056,0.13728,0.03806,-0.03664,0.532659,-0.0552,0.0448512,0.629734,0.342716058,0.646189257,0.530364834,0.658449135,0.390648
0.594,1.6,0.5056,0.13728,0.03806,-0.03664,0.532659,-0.0552,0.0448512,0.629734,0.342716058,0.646189257,0.530364834,0.658449135,0.592773
0.693,1.6,0.5056,0.13728,0.03806,-0.03664,0.532659,-0.0552,0.0448512,0.629734,0.342716058,0.646189257,0.530364834,0.658449135,0.80883
0.792,1.6,0.5056,0.13728,0.03806,-0.03664,0.532659,-0.0552,0.0448512,0.629734,0.342716058,0.646189257,0.530364834,0.658449135,1.05682
0.891,1.6,0.5056,0.13728,0.03806,-0.03664,0.532659,-0.0552,0.0448512,0.629734,0.342716058,0.646189257,0.530364834,0.658449135,1.37074
0.99,1.6,0.5056,0.13728,0.03806,-0.03664,0.532659,-0.0552,0.0448512,0.629734,0.342716058,0.646189257,0.530364834,0.658449135,1.76959
1.19,1.6,0.5056,0.13728,0.03806,-0.03664,0.532659,-0.0552,0.0448512,0.629734,0.342716058,0.646189257,0.530364834,0.658449135,2.74235
1.391,1.6,0.5056,0.13728,0.03806,-0.03664,0.532659,-0.0552,0.0448512,0.629734,0.342716058,0.646189257,0.530364834,0.658449135,4.74115
1.59,1.6,0.5056,0.13728,0.03806,-0.03664,0.532659,-0.0552,0.0448512,0.629734,0.342716058,0.646189257,0.530364834,0.658449135,10.8873
1.78,1.6,0.5056,0.13728,0.03806,-0.03664,0.532659,-0.0552,0.0448512,0.629734,0.342716058,0.646189257,0.530364834,0.658449135,21.8551
1.981,1.6,0.5056,0.13728,0.03806,-0.03664,0.532659,-0.0552,0.0448512,0.629734,0.342716058,0.646189257,0.530364834,0.658449135,36.1867
2.18,1.6,0.5056,0.13728,0.03806,-0.03664,0.532659,-0.0552,0.0448512,0.629734,0.342716058,0.646189257,0.530364834,0.658449135,48.8061
2.381,1.6,0.5056,0.13728,0.03806,-0.03664,0.532659,-0.0552,0.0448512,0.629734,0.342716058,0.646189257,0.530364834,0.658449135,56.1376
2.581,1.6,0.5056,0.13728,0.03806,-0.03664,0.532659,-0.0552,0.0448512,0.629734,0.342716058,0.646189257,0.530364834,0.658449135,60.1923
0.396,1.6,0.5072,0.18048,0.05009,-0.0368,0.53353,-0.05568,0.0591616,0.689818,0.341997322,0.646296154,0.529165028,0.657445271,0.186096
0.594,1.6,0.5072,0.18048,0.05009,-0.0368,0.53353,-0.05568,0.0591616,0.689818,0.341997322,0.646296154,0.529165028,0.657445271,0.646217
0.792,1.6,0.5072,0.18048,0.05009,-0.0368,0.53353,-0.05568,0.0591616,0.689818,0.341997322,0.646296154,0.529165028,0.657445271,1.18439
0.99,1.6,0.5072,0.18048,0.05009,-0.0368,0.53353,-0.05568,0.0591616,0.689818,0.341997322,0.646296154,0.529165028,0.657445271,1.9906
1.19,1.6,0.5072,0.18048,0.05009,-0.0368,0.53353,-0.05568,0.0591616,0.689818,0.341997322,0.646296154,0.529165028,0.657445271,3.10414
1.391,1.6,0.5072,0.18048,0.05009,-0.0368,0.53353,-0.05568,0.0591616,0.689818,0.341997322,0.646296154,0.529165028,0.657445271,5.50506
1.59,1.6,0.5072,0.18048,0.05009,-0.0368,0.53353,-0.05568,0.0591616,0.689818,0.341997322,0.646296154,0.529165028,0.657445271,15.1146
1.78,1.6,0.5072,0.18048,0.05009,-0.0368,0.53353,-0.05568,0.0591616,0.689818,0.341997322,0.646296154,0.529165028,0.657445271,32.317
1.981,1.6,0.5072,0.18048,0.05009,-0.0368,0.53353,-0.05568,0.0591616,0.689818,0.341997322,0.646296154,0.529165028,0.657445271,55.9518
2.18,1.6,0.5072,0.18048,0.05009,-0.0368,0.53353,-0.05568,0.0591616,0.689818,0.341997322,0.646296154,0.529165028,0.657445271,73.4656
2.381,1.6,0.5072,0.18048,0.05009,-0.0368,0.53353,-0.05568,0.0591616,0.689818,0.341997322,0.646296154,0.529165028,0.657445271,84.2358
2.58,1.6,0.5072,0.18048,0.05009,-0.0368,0.53353,-0.05568,0.0591616,0.689818,0.341997322,0.646296154,0.529165028,0.657445271,90.4754
2.769,1.6,0.5072,0.18048,0.05009,-0.0368,0.53353,-0.05568,0.0591616,0.689818,0.341997322,0.646296154,0.529165028,0.657445271,92.9713
0.396,1.6,0.5072,0.11952,0.037548,-0.00016,0.587648,-0.02864,0.0392192,0.671693,0.387121245,0.646962192,0.598367648,0.724132446,0.17744
0.594,1.6,0.5072,0.11952,0.037548,-0.00016,0.587648,-0.02864,0.0392192,0.671693,0.387121245,0.646962192,0.598367648,0.724132446,0.579239
0.792,1.6,0.5072,0.11952,0.037548,-0.00016,0.587648,-0.02864,0.0392192,0.671693,0.387121245,0.646962192,0.598367648,0.724132446,1.05976
0.99,1.6,0.5072,0.11952,0.037548,-0.00016,0.587648,-0.02864,0.0392192,0.671693,0.387121245,0.646962192,0.598367648,0.724132446,2.009
1.19,1.6,0.5072,0.11952,0.037548,-0.00016,0.587648,-0.02864,0.0392192,0.671693,0.387121245,0.646962192,0.598367648,0.724132446,3.51627
1.391,1.6,0.5072,0.11952,0.037548,-0.00016,0.587648,-0.02864,0.0392192,0.671693,0.387121245,0.646962192,0.598367648,0.724132446,6.14164
1.59,1.6,0.5072,0.11952,0.037548,-0.00016,0.587648,-0.02864,0.0392192,0.671693,0.387121245,0.646962192,0.598367648,0.724132446,11.6763
1.78,1.6,0.5072,0.11952,0.037548,-0.00016,0.587648,-0.02864,0.0392192,0.671693,0.387121245,0.646962192,0.598367648,0.724132446,20.4042
1.981,1.6,0.5072,0.11952,0.037548,-0.00016,0.587648,-0.02864,0.0392192,0.671693,0.387121245,0.646962192,0.598367648,0.724132446,34.6054
2.181,1.6,0.5072,0.11952,0.037548,-0.00016,0.587648,-0.02864,0.0392192,0.671693,0.387121245,0.646962192,0.598367648,0.724132446,47.0357
2.381,1.6,0.5072,0.11952,0.037548,-0.00016,0.587648,-0.02864,0.0392192,0.671693,0.387121245,0.646962192,0.598367648,0.724132446,52.6344
2.581,1.6,0.5072,0.11952,0.037548,-0.00016,0.587648,-0.02864,0.0392192,0.671693,0.387121245,0.646962192,0.598367648,0.724132446,56.1416
2.771,1.6,0.5072,0.11952,0.037548,-0.00016,0.587648,-0.02864,0.0392192,0.671693,0.387121245,0.646962192,0.598367648,0.724132446,59.7553
0.395,1.6,0.5072,0.11952,0.0375562,-0.08,0.577741,-0.07824,0.0391936,0.639437,0.387205781,0.64653989,0.598889236,0.711924555,0.109471
0.594,1.6,0.5072,0.11952,0.0375562,-0.08,0.577741,-0.07824,0.0391936,0.639437,0.387205781,0.64653989,0.598889236,0.711924555,0.484917
0.792,1.6,0.5072,0.11952,0.0375562,-0.08,0.577741,-0.07824,0.0391936,0.639437,0.387205781,0.64653989,0.598889236,0.711924555,1.02119
0.99,1.6,0.5072,0.11952,0.0375562,-0.08,0.577741,-0.07824,0.0391936,0.639437,0.387205781,0.64653989,0.598889236,0.711924555,1.8931
1.19,1.6,0.5072,0.11952,0.0375562,-0.08,0.577741,-0.07824,0.0391936,0.639437,0.387205781,0.64653989,0.598889236,0.711924555,3.36861
1.391,1.6,0.5072,0.11952,0.0375562,-0.08,0.577741,-0.07824,0.0391936,0.639437,0.387205781,0.64653989,0.598889236,0.711924555,5.43181
1.59,1.6,0.5072,0.11952,0.0375562,-0.08,0.577741,-0.07824,0.0391936,0.639437,0.387205781,0.64653989,0.598889236,0.711924555,10.1595
1.78,1.6,0.5072,0.11952,0.0375562,-0.08,0.577741,-0.07824,0.0391936,0.639437,0.387205781,0.64653989,0.598889236,0.711924555,20.5738
1.981,1.6,0.5072,0.11952,0.0375562,-0.08,0.577741,-0.07824,0.0391936,0.639437,0.387205781,0.64653989,0.598889236,0.711924555,35.5995
2.181,1.6,0.5072,0.11952,0.0375562,-0.08,0.577741,-0.07824,0.0391936,0.639437,0.387205781,0.64653989,0.598889236,0.711924555,50.0653
2.381,1.6,0.5072,0.11952,0.0375562,-0.08,0.577741,-0.07824,0.0391936,0.639437,0.387205781,0.64653989,0.598889236,0.711924555,57.2404
0.396,1.6,0.5072,0.1352,0.0375562,-0.07984,0.52841,-0.08144,0.044288,0.609792,0.342299094,0.645847722,0.529999692,0.651136148,0.308388
0.594,1.6,0.5072,0.1352,0.0375562,-0.07984,0.52841,-0.08144,0.044288,0.609792,0.342299094,0.645847722,0.529999692,0.651136148,0.649122
0.792,1.6,0.5072,0.1352,0.0375562,-0.07984,0.52841,-0.08144,0.044288,0.609792,0.342299094,0.645847722,0.529999692,0.651136148,1.19255
0.99,1.6,0.5072,0.1352,0.0375562,-0.07984,0.52841,-0.08144,0.044288,0.609792,0.342299094,0.645847722,0.529999692,0.651136148,1.89467
1.189,1.6,0.5072,0.1352,0.0375562,-0.07984,0.52841,-0.08144,0.044288,0.609792,0.342299094,0.645847722,0.529999692,0.651136148,3.13721
1.387,1.6,0.5072,0.1352,0.0375562,-0.07984,0.52841,-0.08144,0.044288,0.609792,0.342299094,0.645847722,0.529999692,0.651136148,5.13067
1.585,1.6,0.5072,0.1352,0.0375562,-0.07984,0.52841,-0.08144,0.044288,0.609792,0.342299094,0.645847722,0.529999692,0.651136148,11.1218
1.783,1.6,0.5072,0.1352,0.0375562,-0.07984,0.52841,-0.08144,0.044288,0.609792,0.342299094,0.645847722,0.529999692,0.651136148,21.6867
1.981,1.6,0.5072,0.1352,0.0375562,-0.07984,0.52841,-0.08144,0.044288,0.609792,0.342299094,0.645847722,0.529999692,0.651136148,36.6102
2.179,1.6,0.5072,0.1352,0.0375562,-0.07984,0.52841,-0.08144,0.044288,0.609792,0.342299094,0.645847722,0.529999692,0.651136148,50.1815
2.377,1.6,0.5072,0.1352,0.0375562,-0.07984,0.52841,-0.08144,0.044288,0.609792,0.342299094,0.645847722,0.529999692,0.651136148,57.9544
0.396,1.6,0.456,0.10944,0.030892,-0.03664,0.523955,-0.05152,0.0322816,0.592896,0.386887866,0.646865707,0.598096114,0.718140049,0.253556
0.594,1.6,0.456,0.10944,0.030892,-0.03664,0.523955,-0.05152,0.0322816,0.592896,0.386887866,0.646865707,0.598096114,0.718140049,0.535002
0.792,1.6,0.456,0.10944,0.030892,-0.03664,0.523955,-0.05152,0.0322816,0.592896,0.386887866,0.646865707,0.598096114,0.718140049,1.00823
0.99,1.6,0.456,0.10944,0.030892,-0.03664,0.523955,-0.05152,0.0322816,0.592896,0.386887866,0.646865707,0.598096114,0.718140049,1.75523
1.189,1.6,0.456,0.10944,0.030892,-0.03664,0.523955,-0.05152,0.0322816,0.592896,0.386887866,0.646865707,0.598096114,0.718140049,2.8567
1.387,1.6,0.456,0.10944,0.030892,-0.03664,0.523955,-0.05152,0.0322816,0.592896,0.386887866,0.646865707,0.598096114,0.718140049,4.7122
1.585,1.6,0.456,0.10944,0.030892,-0.03664,0.523955,-0.05152,0.0322816,0.592896,0.386887866,0.646865707,0.598096114,0.718140049,8.68349
1.783,1.6,0.456,0.10944,0.030892,-0.03664,0.523955,-0.05152,0.0322816,0.592896,0.386887866,0.646865707,0.598096114,0.718140049,15.4476
1.981,1.6,0.456,0.10944,0.030892,-0.03664,0.523955,-0.05152,0.0322816,0.592896,0.386887866,0.646865707,0.598096114,0.718140049,25.8914
2.179,1.6,0.456,0.10944,0.030892,-0.03664,0.523955,-0.05152,0.0322816,0.592896,0.386887866,0.646865707,0.598096114,0.718140049,34.879
2.377,1.6,0.456,0.10944,0.030892,-0.03664,0.523955,-0.05152,0.0322816,0.592896,0.386887866,0.646865707,0.598096114,0.718140049,40.0164
0.396,1.6,0.5856,0.1384,0.0502252,-0.03664,0.673485,-0.05152,0.0524032,0.759782,0.387315153,0.646577562,0.599023499,0.718797974,0.178212
0.594,1.6,0.5856,0.1384,0.0502252,-0.03664,0.673485,-0.05152,0.0524032,0.759782,0.387315153,0.646577562,0.599023499,0.718797974,0.651726
0.792,1.6,0.5856,0.1384,0.0502252,-0.03664,0.673485,-0.05152,0.0524032,0.759782,0.387315153,0.646577562,0.599023499,0.718797974,1.34085
0.99,1.6,0.5856,0.1384,0.0502252,-0.03664,0.673485,-0.05152,0.0524032,0.759782,0.387315153,0.646577562,0.599023499,0.718797974,2.30357
1.189,1.6,0.5856,0.1384,0.0502252,-0.03664,0.673485,-0.05152,0.0524032,0.759782,0.387315153,0.646577562,0.599023499,0.718797974,4.2765
1.387,1.6,0.5856,0.1384,0.0502252,-0.03664,0.673485,-0.05152,0.0524032,0.759782,0.387315153,0.646577562,0.599023499,0.718797974,7.20837
1.585,1.6,0.5856,0.1384,0.0502252,-0.03664,0.673485,-0.05152,0.0524032,0.759782,0.387315153,0.646577562,0.599023499,0.718797974,13.1558
1.783,1.6,0.5856,0.1384,0.0502252,-0.03664,0.673485,-0.05152,0.0524032,0.759782,0.387315153,0.646577562,0.599023499,0.718797974,25.4809
1.981,1.6,0.5856,0.1384,0.0502252,-0.03664,0.673485,-0.05152,0.0524032,0.759782,0.387315153,0.646577562,0.599023499,0.718797974,48.4926
2.179,1.6,0.5856,0.1384,0.0502252,-0.03664,0.673485,-0.05152,0.0524032,0.759782,0.387315153,0.646577562,0.599023499,0.718797974,72.0899
2.377,1.6,0.5856,0.1384,0.0502252,-0.03664,0.673485,-0.05152,0.0524032,0.759782,0.387315153,0.646577562,0.599023499,0.718797974,83.6428
0.443,2,0.576,0.1408,0.063968,-0.037,0.77572,-0.1058,0.05844,0.92392,0.394373458,0.720584786,0.547296398,0.673368085,0.460115
0.664,2,0.576,0.1408,0.063968,-0.037,0.77572,-0.1058,0.05844,0.92392,0.394373458,0.720584786,0.547296398,0.673368085,1.05787
0.886,2,0.576,0.1408,0.063968,-0.037,0.77572,-0.1058,0.05844,0.92392,0.394373458,0.720584786,0.547296398,0.673368085,1.84846
1.11,2,0.576,0.1408,0.063968,-0.037,0.77572,-0.1058,0.05844,0.92392,0.394373458,0.720584786,0.547296398,0.673368085,3.13626
1.331,2,0.576,0.1408,0.063968,-0.037,0.77572,-0.1058,0.05844,0.92392,0.394373458,0.720584786,0.547296398,0.673368085,5.01511
1.55,2,0.576,0.1408,0.063968,-0.037,0.77572,-0.1058,0.05844,0.92392,0.394373458,0.720584786,0.547296398,0.673368085,8.20117
1.77,2,0.576,0.1408,0.063968,-0.037,0.77572,-0.1058,0.05844,0.92392,0.394373458,0.720584786,0.547296398,0.673368085,17.5581
1.991,2,0.576,0.1408,0.063968,-0.037,0.77572,-0.1058,0.05844,0.92392,0.394373458,0.720584786,0.547296398,0.673368085,34.1095
2.22,2,0.576,0.1408,0.063968,-0.037,0.77572,-0.1058,0.05844,0.92392,0.394373458,0.720584786,0.547296398,0.673368085,55.436
2.44,2,0.576,0.1408,0.063968,-0.037,0.77572,-0.1058,0.05844,0.92392,0.394373458,0.720584786,0.547296398,0.673368085,70.834
2.66,2,0.576,0.1408,0.063968,-0.037,0.77572,-0.1058,0.05844,0.92392,0.394373458,0.720584786,0.547296398,0.673368085,81.2543
2.881,2,0.576,0.1408,0.063968,-0.037,0.77572,-0.1058,0.05844,0.92392,0.394373458,0.720584786,0.547296398,0.673368085,87.3738
3.101,2,0.576,0.1408,0.063968,-0.037,0.77572,-0.1058,0.05844,0.92392,0.394373458,0.720584786,0.547296398,0.673368085,92.6096
3.322,2,0.576,0.1408,0.063968,-0.037,0.77572,-0.1058,0.05844,0.92392,0.394373458,0.720584786,0.547296398,0.673368085,96.3115
0.443,2,0.572,0.0522,0.023984,-0.0418,0.76636,-0.1168,0.02208,0.7916,0.401628999,0.739490366,0.543115932,0.66989506,0.377173
0.553,2,0.572,0.0522,0.023984,-0.0418,0.76636,-0.1168,0.02208,0.7916,0.401628999,0.739490366,0.543115932,0.66989506,0.608547
0.664,2,0.572,0.0522,0.023984,-0.0418,0.76636,-0.1168,0.02208,0.7916,0.401628999,0.739490366,0.543115932,0.66989506,0.887211
0.774,2,0.572,0.0522,0.023984,-0.0418,0.76636,-0.1168,0.02208,0.7916,0.401628999,0.739490366,0.543115932,0.66989506,1.20342
0.886,2,0.572,0.0522,0.023984,-0.0418,0.76636,-0.1168,0.02208,0.7916,0.401628999,0.739490366,0.543115932,0.66989506,1.58769
1.109,2,0.572,0.0522,0.023984,-0.0418,0.76636,-0.1168,0.02208,0.7916,0.401628999,0.739490366,0.543115932,0.66989506,2.57848
1.329,2,0.572,0.0522,0.023984,-0.0418,0.76636,-0.1168,0.02208,0.7916,0.401628999,0.739490366,0.543115932,0.66989506,3.81656
1.548,2,0.572,0.0522,0.023984,-0.0418,0.76636,-0.1168,0.02208,0.7916,0.401628999,0.739490366,0.543115932,0.66989506,5.5637
1.768,2,0.572,0.0522,0.023984,-0.0418,0.76636,-0.1168,0.02208,0.7916,0.401628999,0.739490366,0.543115932,0.66989506,8.68928
1.989,2,0.572,0.0522,0.023984,-0.0418,0.76636,-0.1168,0.02208,0.7916,0.401628999,0.739490366,0.543115932,0.66989506,13.4612
2.218,2,0.572,0.0522,0.023984,-0.0418,0.76636,-0.1168,0.02208,0.7916,0.401628999,0.739490366,0.543115932,0.66989506,18.3189
2.438,2,0.572,0.0522,0.023984,-0.0418,0.76636,-0.1168,0.02208,0.7916,0.401628999,0.739490366,0.543115932,0.66989506,21.9752
2.659,2,0.572,0.0522,0.023984,-0.0418,0.76636,-0.1168,0.02208,0.7916,0.401628999,0.739490366,0.543115932,0.66989506,25.7717
2.88,2,0.572,0.0522,0.023984,-0.0418,0.76636,-0.1168,0.02208,0.7916,0.401628999,0.739490366,0.543115932,0.66989506,28.9848
3.1,2,0.572,0.0522,0.023984,-0.0418,0.76636,-0.1168,0.02208,0.7916,0.401628999,0.739490366,0.543115932,0.66989506,32.0782
3.317,2,0.572,0.0522,0.023984,-0.0418,0.76636,-0.1168,0.02208,0.7916,0.401628999,0.739490366,0.543115932,0.66989506,35.1214
3.54434,2,0.572,0.0522,0.023984,-0.0418,0.76636,-0.1168,0.02208,0.7916,0.401628999,0.739490366,0.543115932,0.66989506,38.6546
3.76581,2,0.572,0.0522,0.023984,-0.0418,0.76636,-0.1168,0.02208,0.7916,0.401628999,0.739490366,0.543115932,0.66989506,42.4244
3.98728,2,0.572,0.0522,0.023984,-0.0418,0.76636,-0.1168,0.02208,0.7916,0.401628999,0.739490366,0.543115932,0.66989506,46.4712
4.20875,2,0.572,0.0522,0.023984,-0.0418,0.76636,-0.1168,0.02208,0.7916,0.401628999,0.739490366,0.543115932,0.66989506,50.7608
4.43022,2,0.572,0.0522,0.023984,-0.0418,0.76636,-0.1168,0.02208,0.7916,0.401628999,0.739490366,0.543115932,0.66989506,55.3233
4.65169,2,0.572,0.0522,0.023984,-0.0418,0.76636,-0.1168,0.02208,0.7916,0.401628999,0.739490366,0.543115932,0.66989506,60.1297
4.87316,2,0.572,0.0522,0.023984,-0.0418,0.76636,-0.1168,0.02208,0.7916,0.401628999,0.739490366,0.543115932,0.66989506,65.0411
5.09463,2,0.572,0.0522,0.023984,-0.0418,0.76636,-0.1168,0.02208,0.7916,0.401628999,0.739490366,0.543115932,0.66989506,69.9094
0.396,2,0.5,0.0928,0.036984,-0.0398,0.67132,-0.1108,0.03372,0.75436,0.398534492,0.726724181,0.548398556,0.671320021,0.288145
0.594,2,0.5,0.0928,0.036984,-0.0398,0.67132,-0.1108,0.03372,0.75436,0.398534492,0.726724181,0.548398556,0.671320021,0.614825
0.792,2,0.5,0.0928,0.036984,-0.0398,0.67132,-0.1108,0.03372,0.75436,0.398534492,0.726724181,0.548398556,0.671320021,1.08658
0.99,2,0.5,0.0928,0.036984,-0.0398,0.67132,-0.1108,0.03372,0.75436,0.398534492,0.726724181,0.548398556,0.671320021,1.8644
1.189,2,0.5,0.0928,0.036984,-0.0398,0.67132,-0.1108,0.03372,0.75436,0.398534492,0.726724181,0.548398556,0.671320021,2.84497
1.387,2,0.5,0.0928,0.036984,-0.0398,0.67132,-0.1108,0.03372,0.75436,0.398534492,0.726724181,0.548398556,0.671320021,4.15189
1.585,2,0.5,0.0928,0.036984,-0.0398,0.67132,-0.1108,0.03372,0.75436,0.398534492,0.726724181,0.548398556,0.671320021,6.32487
1.783,2,0.5,0.0928,0.036984,-0.0398,0.67132,-0.1108,0.03372,0.75436,0.398534492,0.726724181,0.548398556,0.671320021,10.6669
1.981,2,0.5,0.0928,0.036984,-0.0398,0.67132,-0.1108,0.03372,0.75436,0.398534492,0.726724181,0.548398556,0.671320021,17.8991
2.179,2,0.5,0.0928,0.036984,-0.0398,0.67132,-0.1108,0.03372,0.75436,0.398534492,0.726724181,0.548398556,0.671320021,24.7853
2.215,2,0.5,0.0928,0.036984,-0.0398,0.67132,-0.1108,0.03372,0.75436,0.398534492,0.726724181,0.548398556,0.671320021,25.8702
2.377,2,0.5,0.0928,0.036984,-0.0398,0.67132,-0.1108,0.03372,0.75436,0.398534492,0.726724181,0.548398556,0.671320021,30.4885
2.436,2,0.5,0.0928,0.036984,-0.0398,0.67132,-0.1108,0.03372,0.75436,0.398534492,0.726724181,0.548398556,0.671320021,32.03
2.657,2,0.5,0.0928,0.036984,-0.0398,0.67132,-0.1108,0.03372,0.75436,0.398534492,0.726724181,0.548398556,0.671320021,37.1041
2.879,2,0.5,0.0928,0.036984,-0.0398,0.67132,-0.1108,0.03372,0.75436,0.398534492,0.726724181,0.548398556,0.671320021,41.1018
3.1,2,0.5,0.0928,0.036984,-0.0398,0.67132,-0.1108,0.03372,0.75436,0.398534492,0.726724181,0.548398556,0.671320021,44.5747
3.322,2,0.5,0.0928,0.036984,-0.0398,0.67132,-0.1108,0.03372,0.75436,0.398534492,0.726724181,0.548398556,0.671320021,48.044
0.442,2,0.5008,0.0388,0.0158,-0.041,0.67948,-0.1266,0.01456,0.68652,0.406565947,0.749316517,0.54258239,0.678394567,0.312885
0.664,2,0.5008,0.0388,0.0158,-0.041,0.67948,-0.1266,0.01456,0.68652,0.406565947,0.749316517,0.54258239,0.678394567,0.741605
0.885,2,0.5008,0.0388,0.0158,-0.041,0.67948,-0.1266,0.01456,0.68652,0.406565947,0.749316517,0.54258239,0.678394567,1.34336
1.107,2,0.5008,0.0388,0.0158,-0.041,0.67948,-0.1266,0.01456,0.68652,0.406565947,0.749316517,0.54258239,0.678394567,2.12083
1.328,2,0.5008,0.0388,0.0158,-0.041,0.67948,-0.1266,0.01456,0.68652,0.406565947,0.749316517,0.54258239,0.678394567,3.10142
1.55,2,0.5008,0.0388,0.0158,-0.041,0.67948,-0.1266,0.01456,0.68652,0.406565947,0.749316517,0.54258239,0.678394567,4.39064
1.771,2,0.5008,0.0388,0.0158,-0.041,0.67948,-0.1266,0.01456,0.68652,0.406565947,0.749316517,0.54258239,0.678394567,6.42207
1.993,2,0.5008,0.0388,0.0158,-0.041,0.67948,-0.1266,0.01456,0.68652,0.406565947,0.749316517,0.54258239,0.678394567,9.30004
2.214,2,0.5008,0.0388,0.0158,-0.041,0.67948,-0.1266,0.01456,0.68652,0.406565947,0.749316517,0.54258239,0.678394567,11.9803
2.436,2,0.5008,0.0388,0.0158,-0.041,0.67948,-0.1266,0.01456,0.68652,0.406565947,0.749316517,0.54258239,0.678394567,14.54
2.657,2,0.5008,0.0388,0.0158,-0.041,0.67948,-0.1266,0.01456,0.68652,0.406565947,0.749316517,0.54258239,0.678394567,16.9871
2.879,2,0.5008,0.0388,0.0158,-0.041,0.67948,-0.1266,0.01456,0.68652,0.406565947,0.749316517,0.54258239,0.678394567,19.3026
3.1,2,0.5008,0.0388,0.0158,-0.041,0.67948,-0.1266,0.01456,0.68652,0.406565947,0.749316517,0.54258239,0.678394567,21.6876
3.322,2,0.5008,0.0388,0.0158,-0.041,0.67948,-0.1266,0.01456,0.68652,0.406565947,0.749316517,0.54258239,0.678394567,23.9738
0.443,2,0.4448,0.1808,0.063584,-0.0376,0.60224,-0.1048,0.0582,0.8644,0.395325329,0.723702027,0.546254278,0.676978463,0.413126
0.664,2,0.4448,0.1808,0.063584,-0.0376,0.60224,-0.1048,0.0582,0.8644,0.395325329,0.723702027,0.546254278,0.676978463,0.939664
0.886,2,0.4448,0.1808,0.063584,-0.0376,0.60224,-0.1048,0.0582,0.8644,0.395325329,0.723702027,0.546254278,0.676978463,1.7105
1.11,2,0.4448,0.1808,0.063584,-0.0376,0.60224,-0.1048,0.0582,0.8644,0.395325329,0.723702027,0.546254278,0.676978463,2.75794
1.331,2,0.4448,0.1808,0.063584,-0.0376,0.60224,-0.1048,0.0582,0.8644,0.395325329,0.723702027,0.546254278,0.676978463,4.44208
1.549,2,0.4448,0.1808,0.063584,-0.0376,0.60224,-0.1048,0.0582,0.8644,0.395325329,0.723702027,0.546254278,0.676978463,6.98071
1.77,2,0.4448,0.1808,0.063584,-0.0376,0.60224,-0.1048,0.0582,0.8644,0.395325329,0.723702027,0.546254278,0.676978463,16.6554
1.991,2,0.4448,0.1808,0.063584,-0.0376,0.60224,-0.1048,0.0582,0.8644,0.395325329,0.723702027,0.546254278,0.676978463,34.7968
2.22,2,0.4448,0.1808,0.063584,-0.0376,0.60224,-0.1048,0.0582,0.8644,0.395325329,0.723702027,0.546254278,0.676978463,54.9137
2.44,2,0.4448,0.1808,0.063584,-0.0376,0.60224,-0.1048,0.0582,0.8644,0.395325329,0.723702027,0.546254278,0.676978463,67.5837
2.66,2,0.4448,0.1808,0.063584,-0.0376,0.60224,-0.1048,0.0582,0.8644,0.395325329,0.723702027,0.546254278,0.676978463,76.4284
2.882,2,0.4448,0.1808,0.063584,-0.0376,0.60224,-0.1048,0.0582,0.8644,0.395325329,0.723702027,0.546254278,0.676978463,82.6757
3.101,2,0.4448,0.1808,0.063584,-0.0376,0.60224,-0.1048,0.0582,0.8644,0.395325329,0.723702027,0.546254278,0.676978463,86.4002
3.323,2,0.4448,0.1808,0.063584,-0.0376,0.60224,-0.1048,0.0582,0.8644,0.395325329,0.723702027,0.546254278,0.676978463,88.1937
0.443,2,0.4444,0.0658,0.0234,-0.041,0.5976,-0.119,0.02152,0.64484,0.400115955,0.735939792,0.543680284,0.672367199,0.313823
0.664,2,0.4444,0.0658,0.0234,-0.041,0.5976,-0.119,0.02152,0.64484,0.400115955,0.735939792,0.543680284,0.672367199,0.697424
0.886,2,0.4444,0.0658,0.0234,-0.041,0.5976,-0.119,0.02152,0.64484,0.400115955,0.735939792,0.543680284,0.672367199,1.25129
1.11,2,0.4444,0.0658,0.0234,-0.041,0.5976,-0.119,0.02152,0.64484,0.400115955,0.735939792,0.543680284,0.672367199,2.00705
1.33,2,0.4444,0.0658,0.0234,-0.041,0.5976,-0.119,0.02152,0.64484,0.400115955,0.735939792,0.543680284,0.672367199,3.03212
1.55,2,0.4444,0.0658,0.0234,-0.041,0.5976,-0.119,0.02152,0.64484,0.400115955,0.735939792,0.543680284,0.672367199,4.38175
1.77,2,0.4444,0.0658,0.0234,-0.041,0.5976,-0.119,0.02152,0.64484,0.400115955,0.735939792,0.543680284,0.672367199,7.09194
1.991,2,0.4444,0.0658,0.0234,-0.041,0.5976,-0.119,0.02152,0.64484,0.400115955,0.735939792,0.543680284,0.672367199,11.3362
2.22,2,0.4444,0.0658,0.0234,-0.041,0.5976,-0.119,0.02152,0.64484,0.400115955,0.735939792,0.543680284,0.672367199,15.3202
2.439,2,0.4444,0.0658,0.0234,-0.041,0.5976,-0.119,0.02152,0.64484,0.400115955,0.735939792,0.543680284,0.672367199,18.6961
2.66,2,0.4444,0.0658,0.0234,-0.041,0.5976,-0.119,0.02152,0.64484,0.400115955,0.735939792,0.543680284,0.672367199,21.6885
2.881,2,0.4444,0.0658,0.0234,-0.041,0.5976,-0.119,0.02152,0.64484,0.400115955,0.735939792,0.543680284,0.672367199,24.5723
3.101,2,0.4444,0.0658,0.0234,-0.041,0.5976,-0.119,0.02152,0.64484,0.400115955,0.735939792,0.543680284,0.672367199,27.2303
3.322,2,0.4444,0.0658,0.0234,-0.041,0.5976,-0.119,0.02152,0.64484,0.400115955,0.735939792,0.543680284,0.672367199,29.8732
3.5449,2,0.4444,0.0658,0.0234,-0.041,0.5976,-0.119,0.02152,0.64484,0.400115955,0.735939792,0.543680284,0.672367199,32.5017
3.7649,2,0.4444,0.0658,0.0234,-0.041,0.5976,-0.119,0.02152,0.64484,0.400115955,0.735939792,0.543680284,0.672367199,35.3502
3.9869,2,0.4444,0.0658,0.0234,-0.041,0.5976,-0.119,0.02152,0.64484,0.400115955,0.735939792,0.543680284,0.672367199,38.4454
4.2094,2,0.4444,0.0658,0.0234,-0.041,0.5976,-0.119,0.02152,0.64484,0.400115955,0.735939792,0.543680284,0.672367199,42.1111
4.4292,2,0.4444,0.0658,0.0234,-0.041,0.5976,-0.119,0.02152,0.64484,0.400115955,0.735939792,0.543680284,0.672367199,45.9985
4.6513,2,0.4444,0.0658,0.0234,-0.041,0.5976,-0.119,0.02152,0.64484,0.400115955,0.735939792,0.543680284,0.672367199,50.7785
4.8737,2,0.4444,0.0658,0.0234,-0.041,0.5976,-0.119,0.02152,0.64484,0.400115955,0.735939792,0.543680284,0.672367199,55.7553
0.44,2,0.5,0.046,0.018976,-0.0918,0.6714,-0.1526,0.01728,0.69248,0.412521721,0.751304317,0.549074072,0.671400011,0.275107
0.66,2,0.5,0.046,0.018976,-0.0918,0.6714,-0.1526,0.01728,0.69248,0.412521721,0.751304317,0.549074072,0.671400011,0.660992
0.89,2,0.5,0.046,0.018976,-0.0918,0.6714,-0.1526,0.01728,0.69248,0.412521721,0.751304317,0.549074072,0.671400011,1.23152
1.11,2,0.5,0.046,0.018976,-0.0918,0.6714,-0.1526,0.01728,0.69248,0.412521721,0.751304317,0.549074072,0.671400011,1.99604
1.33,2,0.5,0.046,0.018976,-0.0918,0.6714,-0.1526,0.01728,0.69248,0.412521721,0.751304317,0.549074072,0.671400011,3.02411
1.55,2,0.5,0.046,0.018976,-0.0918,0.6714,-0.1526,0.01728,0.69248,0.412521721,0.751304317,0.549074072,0.671400011,4.33373
1.77,2,0.5,0.046,0.018976,-0.0918,0.6714,-0.1526,0.01728,0.69248,0.412521721,0.751304317,0.549074072,0.671400011,6.55191
1.99,2,0.5,0.046,0.018976,-0.0918,0.6714,-0.1526,0.01728,0.69248,0.412521721,0.751304317,0.549074072,0.671400011,9.96664
2.21,2,0.5,0.046,0.018976,-0.0918,0.6714,-0.1526,0.01728,0.69248,0.412521721,0.751304317,0.549074072,0.671400011,13.0879
2.44,2,0.5,0.046,0.018976,-0.0918,0.6714,-0.1526,0.01728,0.69248,0.412521721,0.751304317,0.549074072,0.671400011,16.1295
2.66,2,0.5,0.046,0.018976,-0.0918,0.6714,-0.1526,0.01728,0.69248,0.412521721,0.751304317,0.549074072,0.671400011,19.1564
2.88,2,0.5,0.046,0.018976,-0.0918,0.6714,-0.1526,0.01728,0.69248,0.412521721,0.751304317,0.549074072,0.671400011,22.1479
3.1,2,0.5,0.046,0.018976,-0.0918,0.6714,-0.1526,0.01728,0.69248,0.412521721,0.751304317,0.549074072,0.671400011,24.4849
3.32,2,0.5,0.046,0.018976,-0.0918,0.6714,-0.1526,0.01728,0.69248,0.412521721,0.751304317,0.549074072,0.671400011,26.8915
0.396,2,0.5,0.0316,0.013032,-0.0906,0.67404,-0.1562,0.01188,0.6738,0.41240507,0.751898778,0.548484825,0.67404002,0.222623
0.594,2,0.5,0.0316,0.013032,-0.0906,0.67404,-0.1562,0.01188,0.6738,0.41240507,0.751898778,0.548484825,0.67404002,0.555151
0.791,2,0.5,0.0316,0.013032,-0.0906,0.67404,-0.1562,0.01188,0.6738,0.41240507,0.751898778,0.548484825,0.67404002,1.00562
0.99,2,0.5,0.0316,0.013032,-0.0906,0.67404,-0.1562,0.01188,0.6738,0.41240507,0.751898778,0.548484825,0.67404002,1.61064
1.189,2,0.5,0.0316,0.013032,-0.0906,0.67404,-0.1562,0.01188,0.6738,0.41240507,0.751898778,0.548484825,0.67404002,2.34542
1.387,2,0.5,0.0316,0.013032,-0.0906,0.67404,-0.1562,0.01188,0.6738,0.41240507,0.751898778,0.548484825,0.67404002,3.29216
1.585,2,0.5,0.0316,0.013032,-0.0906,0.67404,-0.1562,0.01188,0.6738,0.41240507,0.751898778,0.548484825,0.67404002,4.42571
1.783,2,0.5,0.0316,0.013032,-0.0906,0.67404,-0.1562,0.01188,0.6738,0.41240507,0.751898778,0.548484825,0.67404002,5.87008
1.981,2,0.5,0.0316,0.013032,-0.0906,0.67404,-0.1562,0.01188,0.6738,0.41240507,0.751898778,0.548484825,0.67404002,7.86026
2.179,2,0.5,0.0316,0.013032,-0.0906,0.67404,-0.1562,0.01188,0.6738,0.41240507,0.751898778,0.548484825,0.67404002,9.99425
2.377,2,0.5,0.0316,0.013032,-0.0906,0.67404,-0.1562,0.01188,0.6738,0.41240507,0.751898778,0.548484825,0.67404002,12.019
2.575,2,0.5,0.0316,0.013032,-0.0906,0.67404,-0.1562,0.01188,0.6738,0.41240507,0.751898778,0.548484825,0.67404002,14.0177
2.773,2,0.5,0.0316,0.013032,-0.0906,0.67404,-0.1562,0.01188,0.6738,0.41240507,0.751898778,0.548484825,0.67404002,16.1471
2.971,2,0.5,0.0316,0.013032,-0.0906,0.67404,-0.1562,0.01188,0.6738,0.41240507,0.751898778,0.548484825,0.67404002,18.4653
3.1,2,0.5,0.0316,0.013032,-0.0906,0.67404,-0.1562,0.01188,0.6738,0.41240507,0.751898778,0.548484825,0.67404002,19.7425
3.32,2,0.5,0.0316,0.013032,-0.0906,0.67404,-0.1562,0.01188,0.6738,0.41240507,0.751898778,0.548484825,0.67404002,21.86
0.44,2,0.5,0.046,0.018976,-0.131,0.65924,-0.1746,0.01728,0.67208,0.412521721,0.751304317,0.549074072,0.659240007,0.302974
0.66,2,0.5,0.046,0.018976,-0.131,0.65924,-0.1746,0.01728,0.67208,0.412521721,0.751304317,0.549074072,0.659240007,0.723191
0.89,2,0.5,0.046,0.018976,-0.131,0.65924,-0.1746,0.01728,0.67208,0.412521721,0.751304317,0.549074072,0.659240007,1.29242
1.11,2,0.5,0.046,0.018976,-0.131,0.65924,-0.1746,0.01728,0.67208,0.412521721,0.751304317,0.549074072,0.659240007,1.996
1.33,2,0.5,0.046,0.018976,-0.131,0.65924,-0.1746,0.01728,0.67208,0.412521721,0.751304317,0.549074072,0.659240007,2.95907
1.55,2,0.5,0.046,0.018976,-0.131,0.65924,-0.1746,0.01728,0.67208,0.412521721,0.751304317,0.549074072,0.659240007,4.41962
1.77,2,0.5,0.046,0.018976,-0.131,0.65924,-0.1746,0.01728,0.67208,0.412521721,0.751304317,0.549074072,0.659240007,6.65866
1.99,2,0.5,0.046,0.018976,-0.131,0.65924,-0.1746,0.01728,0.67208,0.412521721,0.751304317,0.549074072,0.659240007,9.67518
2.21,2,0.5,0.046,0.018976,-0.131,0.65924,-0.1746,0.01728,0.67208,0.412521721,0.751304317,0.549074072,0.659240007,12.5922
2.44,2,0.5,0.046,0.018976,-0.131,0.65924,-0.1746,0.01728,0.67208,0.412521721,0.751304317,0.549074072,0.659240007,15.5279
2.66,2,0.5,0.046,0.018976,-0.131,0.65924,-0.1746,0.01728,0.67208,0.412521721,0.751304317,0.549074072,0.659240007,18.4533
2.88,2,0.5,0.046,0.018976,-0.131,0.65924,-0.1746,0.01728,0.67208,0.412521721,0.751304317,0.549074072,0.659240007,21.6741
3.1,2,0.5,0.046,0.018976,-0.131,0.65924,-0.1746,0.01728,0.67208,0.412521721,0.751304317,0.549074072,0.659240007,24.1125
3.33,2,0.5,0.046,0.018976,-0.131,0.65924,-0.1746,0.01728,0.67208,0.412521721,0.751304317,0.549074072,0.659240007,26.307
0.44,2,0.5,0.0436,0.019176,-0.0898,0.69396,-0.1516,0.01652,0.71224,0.439816526,0.757798118,0.580387462,0.693960011,0.383877
0.66,2,0.5,0.0436,0.019176,-0.0898,0.69396,-0.1516,0.01652,0.71224,0.439816526,0.757798118,0.580387462,0.693960011,0.764223
0.88,2,0.5,0.0436,0.019176,-0.0898,0.69396,-0.1516,0.01652,0.71224,0.439816526,0.757798118,0.580387462,0.693960011,1.36151
1.11,2,0.5,0.0436,0.019176,-0.0898,0.69396,-0.1516,0.01652,0.71224,0.439816526,0.757798118,0.580387462,0.693960011,2.19721
1.33,2,0.5,0.0436,0.019176,-0.0898,0.69396,-0.1516,0.01652,0.71224,0.439816526,0.757798118,0.580387462,0.693960011,3.24886
1.55,2,0.5,0.0436,0.019176,-0.0898,0.69396,-0.1516,0.01652,0.71224,0.439816526,0.757798118,0.580387462,0.693960011,4.75646
1.78,2,0.5,0.0436,0.019176,-0.0898,0.69396,-0.1516,0.01652,0.71224,0.439816526,0.757798118,0.580387462,0.693960011,7.05794
1.99,2,0.5,0.0436,0.019176,-0.0898,0.69396,-0.1516,0.01652,0.71224,0.439816526,0.757798118,0.580387462,0.693960011,10.0885
2.21,2,0.5,0.0436,0.019176,-0.0898,0.69396,-0.1516,0.01652,0.71224,0.439816526,0.757798118,0.580387462,0.693960011,13.0649
2.44,2,0.5,0.0436,0.019176,-0.0898,0.69396,-0.1516,0.01652,0.71224,0.439816526,0.757798118,0.580387462,0.693960011,15.7117
2.66,2,0.5,0.0436,0.019176,-0.0898,0.69396,-0.1516,0.01652,0.71224,0.439816526,0.757798118,0.580387462,0.693960011,18.7285
2.88,2,0.5,0.0436,0.019176,-0.0898,0.69396,-0.1516,0.01652,0.71224,0.439816526,0.757798118,0.580387462,0.693960011,21.8622
3.1,2,0.5,0.0436,0.019176,-0.0898,0.69396,-0.1516,0.01652,0.71224,0.439816526,0.757798118,0.580387462,0.693960011,24.3448
0.44,2,0.5,0.0492,0.019192,-0.0872,0.663,-0.1458,0.0174,0.6794,0.390081331,0.707317106,0.55149427,0.662999988,0.350107
0.66,2,0.5,0.0492,0.019192,-0.0872,0.663,-0.1458,0.0174,0.6794,0.390081331,0.707317106,0.55149427,0.662999988,0.725992
0.89,2,0.5,0.0492,0.019192,-0.0872,0.663,-0.1458,0.0174,0.6794,0.390081331,0.707317106,0.55149427,0.662999988,1.32352
1.11,2,0.5,0.0492,0.019192,-0.0872,0.663,-0.1458,0.0174,0.6794,0.390081331,0.707317106,0.55149427,0.662999988,2.08904
1.33,2,0.5,0.0492,0.019192,-0.0872,0.663,-0.1458,0.0174,0.6794,0.390081331,0.707317106,0.55149427,0.662999988,3.07811
1.55,2,0.5,0.0492,0.019192,-0.0872,0.663,-0.1458,0.0174,0.6794,0.390081331,0.707317106,0.55149427,0.662999988,4.43273
1.77,2,0.5,0.0492,0.019192,-0.0872,0.663,-0.1458,0.0174,0.6794,0.390081331,0.707317106,0.55149427,0.662999988,6.60991
1.99,2,0.5,0.0492,0.019192,-0.0872,0.663,-0.1458,0.0174,0.6794,0.390081331,0.707317106,0.55149427,0.662999988,9.57564
2.21,2,0.5,0.0492,0.019192,-0.0872,0.663,-0.1458,0.0174,0.6794,0.390081331,0.707317106,0.55149427,0.662999988,12.7809
2.44,2,0.5,0.0492,0.019192,-0.0872,0.663,-0.1458,0.0174,0.6794,0.390081331,0.707317106,0.55149427,0.662999988,15.6895
2.66,2,0.5,0.0492,0.019192,-0.0872,0.663,-0.1458,0.0174,0.6794,0.390081331,0.707317106,0.55149427,0.662999988,18.4874
2.88,2,0.5,0.0492,0.019192,-0.0872,0.663,-0.1458,0.0174,0.6794,0.390081331,0.707317106,0.55149427,0.662999988,21.6089
3.1,2,0.5,0.0492,0.019192,-0.0872,0.663,-0.1458,0.0174,0.6794,0.390081331,0.707317106,0.55149427,0.662999988,24.2959
3.32,2,0.5,0.0492,0.019192,-0.0872,0.663,-0.1458,0.0174,0.6794,0.390081331,0.707317106,0.55149427,0.662999988,26.7395
0.44,2,0.5,0.053,0.0192,-0.0884,0.65372,-0.1386,0.0174,0.67224,0.362264172,0.656603791,0.551724156,0.653720021,0.342318
0.66,2,0.5,0.053,0.0192,-0.0884,0.65372,-0.1386,0.0174,0.67224,0.362264172,0.656603791,0.551724156,0.653720021,0.743465
0.88,2,0.5,0.053,0.0192,-0.0884,0.65372,-0.1386,0.0174,0.67224,0.362264172,0.656603791,0.551724156,0.653720021,1.27227
1.11,2,0.5,0.053,0.0192,-0.0884,0.65372,-0.1386,0.0174,0.67224,0.362264172,0.656603791,0.551724156,0.653720021,2.03583
1.33,2,0.5,0.053,0.0192,-0.0884,0.65372,-0.1386,0.0174,0.67224,0.362264172,0.656603791,0.551724156,0.653720021,3.02058
1.55,2,0.5,0.053,0.0192,-0.0884,0.65372,-0.1386,0.0174,0.67224,0.362264172,0.656603791,0.551724156,0.653720021,4.38198
1.78,2,0.5,0.053,0.0192,-0.0884,0.65372,-0.1386,0.0174,0.67224,0.362264172,0.656603791,0.551724156,0.653720021,6.49698
1.99,2,0.5,0.053,0.0192,-0.0884,0.65372,-0.1386,0.0174,0.67224,0.362264172,0.656603791,0.551724156,0.653720021,9.58777
2.21,2,0.5,0.053,0.0192,-0.0884,0.65372,-0.1386,0.0174,0.67224,0.362264172,0.656603791,0.551724156,0.653720021,12.3291
2.44,2,0.5,0.053,0.0192,-0.0884,0.65372,-0.1386,0.0174,0.67224,0.362264172,0.656603791,0.551724156,0.653720021,15.364
2.66,2,0.5,0.053,0.0192,-0.0884,0.65372,-0.1386,0.0174,0.67224,0.362264172,0.656603791,0.551724156,0.653720021,18.3463
2.88,2,0.5,0.053,0.0192,-0.0884,0.65372,-0.1386,0.0174,0.67224,0.362264172,0.656603791,0.551724156,0.653720021,21.4183
3.1,2,0.5,0.053,0.0192,-0.0884,0.65372,-0.1386,0.0174,0.67224,0.362264172,0.656603791,0.551724156,0.653720021,23.9569
0.443,2,0.6666,0.0344,0.018944,-0.0906,0.90008,-0.1572,0.01732,0.89556,0.413064573,0.75530806,0.546882252,0.675127543,0.411056
0.664,2,0.6666,0.0344,0.018944,-0.0906,0.90008,-0.1572,0.01732,0.89556,0.413064573,0.75530806,0.546882252,0.675127543,0.961715
0.887,2,0.6666,0.0344,0.018944,-0.0906,0.90008,-0.1572,0.01732,0.89556,0.413064573,0.75530806,0.546882252,0.675127543,1.76699
1.11,2,0.6666,0.0344,0.018944,-0.0906,0.90008,-0.1572,0.01732,0.89556,0.413064573,0.75530806,0.546882252,0.675127543,2.89112
1.33,2,0.6666,0.0344,0.018944,-0.0906,0.90008,-0.1572,0.01732,0.89556,0.413064573,0.75530806,0.546882252,0.675127543,4.19516
1.55,2,0.6666,0.0344,0.018944,-0.0906,0.90008,-0.1572,0.01732,0.89556,0.413064573,0.75530806,0.546882252,0.675127543,6.0054
1.77,2,0.6666,0.0344,0.018944,-0.0906,0.90008,-0.1572,0.01732,0.89556,0.413064573,0.75530806,0.546882252,0.675127543,8.82984
1.991,2,0.6666,0.0344,0.018944,-0.0906,0.90008,-0.1572,0.01732,0.89556,0.413064573,0.75530806,0.546882252,0.675127543,12.559
2.221,2,0.6666,0.0344,0.018944,-0.0906,0.90008,-0.1572,0.01732,0.89556,0.413064573,0.75530806,0.546882252,0.675127543,16.5479
2.439,2,0.6666,0.0344,0.018944,-0.0906,0.90008,-0.1572,0.01732,0.89556,0.413064573,0.75530806,0.546882252,0.675127543,19.8986
2.66,2,0.6666,0.0344,0.018944,-0.0906,0.90008,-0.1572,0.01732,0.89556,0.413064573,0.75530806,0.546882252,0.675127543,23.1356
2.881,2,0.6666,0.0344,0.018944,-0.0906,0.90008,-0.1572,0.01732,0.89556,0.413064573,0.75530806,0.546882252,0.675127543,25.9937
3.101,2,0.6666,0.0344,0.018944,-0.0906,0.90008,-0.1572,0.01732,0.89556,0.413064573,0.75530806,0.546882252,0.675127543,28.5608
3.322,2,0.6666,0.0344,0.018944,-0.0906,0.90008,-0.1572,0.01732,0.89556,0.413064573,0.75530806,0.546882252,0.675127543,30.9001
0.443,2,0.4,0.0574,0.018968,-0.091,0.53588,-0.1508,0.01728,0.58068,0.413066182,0.752613209,0.548842589,0.669850027,0.300881
0.664,2,0.4,0.0574,0.018968,-0.091,0.53588,-0.1508,0.01728,0.58068,0.413066182,0.752613209,0.548842589,0.669850027,0.64854
0.886,2,0.4,0.0574,0.018968,-0.091,0.53588,-0.1508,0.01728,0.58068,0.413066182,0.752613209,0.548842589,0.669850027,1.14752
1.11,2,0.4,0.0574,0.018968,-0.091,0.53588,-0.1508,0.01728,0.58068,0.413066182,0.752613209,0.548842589,0.669850027,1.80352
1.332,2,0.4,0.0574,0.018968,-0.091,0.53588,-0.1508,0.01728,0.58068,0.413066182,0.752613209,0.548842589,0.669850027,2.65623
1.549,2,0.4,0.0574,0.018968,-0.091,0.53588,-0.1508,0.01728,0.58068,0.413066182,0.752613209,0.548842589,0.669850027,3.8017
1.77,2,0.4,0.0574,0.018968,-0.091,0.53588,-0.1508,0.01728,0.58068,0.413066182,0.752613209,0.548842589,0.669850027,5.90371
1.991,2,0.4,0.0574,0.018968,-0.091,0.53588,-0.1508,0.01728,0.58068,0.413066182,0.752613209,0.548842589,0.669850027,8.84721
2.22,2,0.4,0.0574,0.018968,-0.091,0.53588,-0.1508,0.01728,0.58068,0.413066182,0.752613209,0.548842589,0.669850027,11.8861
2.439,2,0.4,0.0574,0.018968,-0.091,0.53588,-0.1508,0.01728,0.58068,0.413066182,0.752613209,0.548842589,0.669850027,14.4521
2.659,2,0.4,0.0574,0.018968,-0.091,0.53588,-0.1508,0.01728,0.58068,0.413066182,0.752613209,0.548842589,0.669850027,16.7792
2.881,2,0.4,0.0574,0.018968,-0.091,0.53588,-0.1508,0.01728,0.58068,0.413066182,0.752613209,0.548842589,0.669850027,19.353
3.1,2,0.4,0.0574,0.018968,-0.091,0.53588,-0.1508,0.01728,0.58068,0.413066182,0.752613209,0.548842589,0.669850027,21.8087
3.322,2,0.4,0.0574,0.018968,-0.091,0.53588,-0.1508,0.01728,0.58068,0.413066182,0.752613209,0.548842589,0.669850027,23.9733
0.409,1.71,0.515223,0.138852,0.048202,-0.056088,0.590727,-0.109611,0.0508793,0.731464,0.394022969,0.711203229,0.554023031,0.670494803,0.295443
0.614,1.71,0.515223,0.138852,0.048202,-0.056088,0.590727,-0.109611,0.0508793,0.731464,0.394022969,0.711203229,0.554023031,0.670494803,0.712076
0.819,1.71,0.515223,0.138852,0.048202,-0.056088,0.590727,-0.109611,0.0508793,0.731464,0.394022969,0.711203229,0.554023031,0.670494803,1.27432
1.023,1.71,0.515223,0.138852,0.048202,-0.056088,0.590727,-0.109611,0.0508793,0.731464,0.394022969,0.711203229,0.554023031,0.670494803,2.11473
1.229,1.71,0.515223,0.138852,0.048202,-0.056088,0.590727,-0.109611,0.0508793,0.731464,0.394022969,0.711203229,0.554023031,0.670494803,3.49962
1.434,1.71,0.515223,0.138852,0.048202,-0.056088,0.590727,-0.109611,0.0508793,0.731464,0.394022969,0.711203229,0.554023031,0.670494803,5.36968
1.638,1.71,0.515223,0.138852,0.048202,-0.056088,0.590727,-0.109611,0.0508793,0.731464,0.394022969,0.711203229,0.554023031,0.670494803,12.4393
1.843,1.71,0.515223,0.138852,0.048202,-0.056088,0.590727,-0.109611,0.0508793,0.731464,0.394022969,0.711203229,0.554023031,0.670494803,25.9597
2.047,1.71,0.515223,0.138852,0.048202,-0.056088,0.590727,-0.109611,0.0508793,0.731464,0.394022969,0.711203229,0.554023031,0.670494803,44.2198
2.253,1.71,0.515223,0.138852,0.048202,-0.056088,0.590727,-0.109611,0.0508793,0.731464,0.394022969,0.711203229,0.554023031,0.670494803,57.4003
2.457,1.71,0.515223,0.138852,0.048202,-0.056088,0.590727,-0.109611,0.0508793,0.731464,0.394022969,0.711203229,0.554023031,0.670494803,66.7068
2.662,1.71,0.515223,0.138852,0.048202,-0.056088,0.590727,-0.109611,0.0508793,0.731464,0.394022969,0.711203229,0.554023031,0.670494803,72.5858
2.867,1.71,0.515223,0.138852,0.048202,-0.056088,0.590727,-0.109611,0.0508793,0.731464,0.394022969,0.711203229,0.554023031,0.670494803,76.9393
3.07181,1.71,0.515223,0.138852,0.048202,-0.056088,0.590727,-0.109611,0.0508793,0.731464,0.394022969,0.711203229,0.554023031,0.670494803,80.397
0.409,1.71,0.614232,0.097641,0.0404067,-0.056088,0.705468,-0.110979,0.0426919,0.774272,0.393996725,0.711837467,0.553492536,0.671658874,0.36758
0.614,1.71,0.614232,0.097641,0.0404067,-0.056088,0.705468,-0.110979,0.0426919,0.774272,0.393996725,0.711837467,0.553492536,0.671658874,0.836486
0.819,1.71,0.614232,0.097641,0.0404067,-0.056088,0.705468,-0.110979,0.0426919,0.774272,0.393996725,0.711837467,0.553492536,0.671658874,1.46914
1.023,1.71,0.614232,0.097641,0.0404067,-0.056088,0.705468,-0.110979,0.0426919,0.774272,0.393996725,0.711837467,0.553492536,0.671658874,2.41276
1.229,1.71,0.614232,0.097641,0.0404067,-0.056088,0.705468,-0.110979,0.0426919,0.774272,0.393996725,0.711837467,0.553492536,0.671658874,3.89668
1.434,1.71,0.614232,0.097641,0.0404067,-0.056088,0.705468,-0.110979,0.0426919,0.774272,0.393996725,0.711837467,0.553492536,0.671658874,6.17556
1.638,1.71,0.614232,0.097641,0.0404067,-0.056088,0.705468,-0.110979,0.0426919,0.774272,0.393996725,0.711837467,0.553492536,0.671658874,11.6496
1.843,1.71,0.614232,0.097641,0.0404067,-0.056088,0.705468,-0.110979,0.0426919,0.774272,0.393996725,0.711837467,0.553492536,0.671658874,21.426
2.047,1.71,0.614232,0.097641,0.0404067,-0.056088,0.705468,-0.110979,0.0426919,0.774272,0.393996725,0.711837467,0.553492536,0.671658874,35.2366
2.253,1.71,0.614232,0.097641,0.0404067,-0.056088,0.705468,-0.110979,0.0426919,0.774272,0.393996725,0.711837467,0.553492536,0.671658874,45.801
2.457,1.71,0.614232,0.097641,0.0404067,-0.056088,0.705468,-0.110979,0.0426919,0.774272,0.393996725,0.711837467,0.553492536,0.671658874,53.7092
2.662,1.71,0.614232,0.097641,0.0404067,-0.056088,0.705468,-0.110979,0.0426919,0.774272,0.393996725,0.711837467,0.553492536,0.671658874,58.8637
2.867,1.71,0.614232,0.097641,0.0404067,-0.056088,0.705468,-0.110979,0.0426919,0.774272,0.393996725,0.711837467,0.553492536,0.671658874,63.4709
3.07181,1.71,0.614232,0.097641,0.0404067,-0.056088,0.705468,-0.110979,0.0426919,0.774272,0.393996725,0.711837467,0.553492536,0.671658874,67.1381
0.409,1.71,0.515223,0.116451,0.0404367,-0.056259,0.588534,-0.106875,0.0426919,0.696842,0.394131448,0.711552585,0.553903474,0.668005705,0.318812
0.614,1.71,0.515223,0.116451,0.0404367,-0.056259,0.588534,-0.106875,0.0426919,0.696842,0.394131448,0.711552585,0.553903474,0.668005705,0.712205
0.819,1.71,0.515223,0.116451,0.0404367,-0.056259,0.588534,-0.106875,0.0426919,0.696842,0.394131448,0.711552585,0.553903474,0.668005705,1.25292
1.023,1.71,0.515223,0.116451,0.0404367,-0.056259,0.588534,-0.106875,0.0426919,0.696842,0.394131448,0.711552585,0.553903474,0.668005705,2.00837
1.434,1.71,0.515223,0.116451,0.0404367,-0.056259,0.588534,-0.106875,0.0426919,0.696842,0.394131448,0.711552585,0.553903474,0.668005705,5.04002
1.638,1.71,0.515223,0.116451,0.0404367,-0.056259,0.588534,-0.106875,0.0426919,0.696842,0.394131448,0.711552585,0.553903474,0.668005705,10.3387
1.843,1.71,0.515223,0.116451,0.0404367,-0.056259,0.588534,-0.106875,0.0426919,0.696842,0.394131448,0.711552585,0.553903474,0.668005705,21.1631
2.047,1.71,0.515223,0.116451,0.0404367,-0.056259,0.588534,-0.106875,0.0426919,0.696842,0.394131448,0.711552585,0.553903474,0.668005705,34.7947
2.253,1.71,0.515223,0.116451,0.0404367,-0.056259,0.588534,-0.106875,0.0426919,0.696842,0.394131448,0.711552585,0.553903474,0.668005705,44.2459
2.457,1.71,0.515223,0.116451,0.0404367,-0.056259,0.588534,-0.106875,0.0426919,0.696842,0.394131448,0.711552585,0.553903474,0.668005705,51.4483
2.662,1.71,0.515223,0.116451,0.0404367,-0.056259,0.588534,-0.106875,0.0426919,0.696842,0.394131448,0.711552585,0.553903474,0.668005705,56.3891
2.86702,1.71,0.515223,0.116451,0.0404367,-0.056259,0.588534,-0.106875,0.0426919,0.696842,0.394131448,0.711552585,0.553903474,0.668005705,59.0602
3.07181,1.71,0.515223,0.116451,0.0404367,-0.056259,0.588534,-0.106875,0.0426919,0.696842,0.394131448,0.711552585,0.553903474,0.668005705,63.5213
0.409,1.71,0.409545,0.146547,0.0404417,-0.056088,0.467681,-0.106704,0.0426919,0.642746,0.394053054,0.711323109,0.553971955,0.667808535,0.260215
0.614,1.71,0.409545,0.146547,0.0404417,-0.056088,0.467681,-0.106704,0.0426919,0.642746,0.394053054,0.711323109,0.553971955,0.667808535,0.600337
0.819,1.71,0.409545,0.146547,0.0404417,-0.056088,0.467681,-0.106704,0.0426919,0.642746,0.394053054,0.711323109,0.553971955,0.667808535,1.16847
1.023,1.71,0.409545,0.146547,0.0404417,-0.056088,0.467681,-0.106704,0.0426919,0.642746,0.394053054,0.711323109,0.553971955,0.667808535,1.8411
1.229,1.71,0.409545,0.146547,0.0404417,-0.056088,0.467681,-0.106704,0.0426919,0.642746,0.394053054,0.711323109,0.553971955,0.667808535,3.01976
1.434,1.71,0.409545,0.146547,0.0404417,-0.056088,0.467681,-0.106704,0.0426919,0.642746,0.394053054,0.711323109,0.553971955,0.667808535,4.48893
1.638,1.71,0.409545,0.146547,0.0404417,-0.056088,0.467681,-0.106704,0.0426919,0.642746,0.394053054,0.711323109,0.553971955,0.667808535,10.8709
1.843,1.71,0.409545,0.146547,0.0404417,-0.056088,0.467681,-0.106704,0.0426919,0.642746,0.394053054,0.711323109,0.553971955,0.667808535,21.3322
2.047,1.71,0.409545,0.146547,0.0404417,-0.056088,0.467681,-0.106704,0.0426919,0.642746,0.394053054,0.711323109,0.553971955,0.667808535,34.2844
2.253,1.71,0.409545,0.146547,0.0404417,-0.056088,0.467681,-0.106704,0.0426919,0.642746,0.394053054,0.711323109,0.553971955,0.667808535,43.3697
2.457,1.71,0.409545,0.146547,0.0404417,-0.056088,0.467681,-0.106704,0.0426919,0.642746,0.394053054,0.711323109,0.553971955,0.667808535,49.1722
2.662,1.71,0.409545,0.146547,0.0404417,-0.056088,0.467681,-0.106704,0.0426919,0.642746,0.394053054,0.711323109,0.553971955,0.667808535,53.6136
2.867,1.71,0.409545,0.146547,0.0404417,-0.056088,0.467681,-0.106704,0.0426919,0.642746,0.394053054,0.711323109,0.553971955,0.667808535,57.1801
3.07181,1.71,0.409545,0.146547,0.0404417,-0.056088,0.467681,-0.106704,0.0426919,0.642746,0.394053054,0.711323109,0.553971955,0.667808535,59.1505
0.409,1.71,0.515223,0.092511,0.0321214,-0.056259,0.588592,-0.107046,0.0339488,0.663186,0.394102991,0.712255506,0.553316876,0.668071531,0.340655
0.614,1.71,0.515223,0.092511,0.0321214,-0.056259,0.588592,-0.107046,0.0339488,0.663186,0.394102991,0.712255506,0.553316876,0.668071531,0.71312
0.819,1.71,0.515223,0.092511,0.0321214,-0.056259,0.588592,-0.107046,0.0339488,0.663186,0.394102991,0.712255506,0.553316876,0.668071531,1.21934
1.023,1.71,0.515223,0.092511,0.0321214,-0.056259,0.588592,-0.107046,0.0339488,0.663186,0.394102991,0.712255506,0.553316876,0.668071531,1.92567
1.434,1.71,0.515223,0.092511,0.0321214,-0.056259,0.588592,-0.107046,0.0339488,0.663186,0.394102991,0.712255506,0.553316876,0.668071531,4.70456
1.638,1.71,0.515223,0.092511,0.0321214,-0.056259,0.588592,-0.107046,0.0339488,0.663186,0.394102991,0.712255506,0.553316876,0.668071531,8.77737
1.843,1.71,0.515223,0.092511,0.0321214,-0.056259,0.588592,-0.107046,0.0339488,0.663186,0.394102991,0.712255506,0.553316876,0.668071531,16.1745
2.047,1.71,0.515223,0.092511,0.0321214,-0.056259,0.588592,-0.107046,0.0339488,0.663186,0.394102991,0.712255506,0.553316876,0.668071531,24.925
2.253,1.71,0.515223,0.092511,0.0321214,-0.056259,0.588592,-0.107046,0.0339488,0.663186,0.394102991,0.712255506,0.553316876,0.668071531,31.2799
2.457,1.71,0.515223,0.092511,0.0321214,-0.056259,0.588592,-0.107046,0.0339488,0.663186,0.394102991,0.712255506,0.553316876,0.668071531,36.6381
2.662,1.71,0.515223,0.092511,0.0321214,-0.056259,0.588592,-0.107046,0.0339488,0.663186,0.394102991,0.712255506,0.553316876,0.668071531,40.5573
2.867,1.71,0.515223,0.092511,0.0321214,-0.056259,0.588592,-0.107046,0.0339488,0.663186,0.394102991,0.712255506,0.553316876,0.668071531,43.8872
3.072,1.71,0.515223,0.092511,0.0321214,-0.056259,0.588592,-0.107046,0.0339488,0.663186,0.394102991,0.712255506,0.553316876,0.668071531,46.7777
0.409,1.71,0.512487,0.084816,0.0304813,-0.102942,0.612628,-0.14364,0.0325452,0.67652,0.410087672,0.748731875,0.547709649,0.699065487,0.315192
0.512,1.71,0.512487,0.084816,0.0304813,-0.102942,0.612628,-0.14364,0.0325452,0.67652,0.410087672,0.748731875,0.547709649,0.699065487,0.490721
0.614,1.71,0.512487,0.084816,0.0304813,-0.102942,0.612628,-0.14364,0.0325452,0.67652,0.410087672,0.748731875,0.547709649,0.699065487,0.672569
0.716,1.71,0.512487,0.084816,0.0304813,-0.102942,0.612628,-0.14364,0.0325452,0.67652,0.410087672,0.748731875,0.547709649,0.699065487,0.907584
0.819,1.71,0.512487,0.084816,0.0304813,-0.102942,0.612628,-0.14364,0.0325452,0.67652,0.410087672,0.748731875,0.547709649,0.699065487,1.19447
1.023,1.71,0.512487,0.084816,0.0304813,-0.102942,0.612628,-0.14364,0.0325452,0.67652,0.410087672,0.748731875,0.547709649,0.699065487,1.88726
1.229,1.71,0.512487,0.084816,0.0304813,-0.102942,0.612628,-0.14364,0.0325452,0.67652,0.410087672,0.748731875,0.547709649,0.699065487,2.98082
1.434,1.71,0.512487,0.084816,0.0304813,-0.102942,0.612628,-0.14364,0.0325452,0.67652,0.410087672,0.748731875,0.547709649,0.699065487,4.52328
1.628,1.71,0.512487,0.084816,0.0304813,-0.102942,0.612628,-0.14364,0.0325452,0.67652,0.410087672,0.748731875,0.547709649,0.699065487,7.72488
1.843,1.71,0.512487,0.084816,0.0304813,-0.102942,0.612628,-0.14364,0.0325452,0.67652,0.410087672,0.748731875,0.547709649,0.699065487,14.5094
2.047,1.71,0.512487,0.084816,0.0304813,-0.102942,0.612628,-0.14364,0.0325452,0.67652,0.410087672,0.748731875,0.547709649,0.699065487,22.3023
2.253,1.71,0.512487,0.084816,0.0304813,-0.102942,0.612628,-0.14364,0.0325452,0.67652,0.410087672,0.748731875,0.547709649,0.699065487,28.0261
2.457,1.71,0.512487,0.084816,0.0304813,-0.102942,0.612628,-0.14364,0.0325452,0.67652,0.410087672,0.748731875,0.547709649,0.699065487,33.4962
2.662,1.71,0.512487,0.084816,0.0304813,-0.102942,0.612628,-0.14364,0.0325452,0.67652,0.410087672,0.748731875,0.547709649,0.699065487,37.4269
2.867,1.71,0.512487,0.084816,0.0304813,-0.102942,0.612628,-0.14364,0.0325452,0.67652,0.410087672,0.748731875,0.547709649,0.699065487,40.7302
0.409,1.71,0.512487,0.088407,0.0313013,-0.011115,0.604265,-0.086013,0.0328669,0.674619,0.404014316,0.725419483,0.556938883,0.689522517,0.292953
0.614,1.71,0.512487,0.088407,0.0313013,-0.011115,0.604265,-0.086013,0.0328669,0.674619,0.404014316,0.725419483,0.556938883,0.689522517,0.657045
0.819,1.71,0.512487,0.088407,0.0313013,-0.011115,0.604265,-0.086013,0.0328669,0.674619,0.404014316,0.725419483,0.556938883,0.689522517,1.18855
1.023,1.71,0.512487,0.088407,0.0313013,-0.011115,0.604265,-0.086013,0.0328669,0.674619,0.404014316,0.725419483,0.556938883,0.689522517,1.96979
1.229,1.71,0.512487,0.088407,0.0313013,-0.011115,0.604265,-0.086013,0.0328669,0.674619,0.404014316,0.725419483,0.556938883,0.689522517,3.22878
1.434,1.71,0.512487,0.088407,0.0313013,-0.011115,0.604265,-0.086013,0.0328669,0.674619,0.404014316,0.725419483,0.556938883,0.689522517,5.05152
1.638,1.71,0.512487,0.088407,0.0313013,-0.011115,0.604265,-0.086013,0.0328669,0.674619,0.404014316,0.725419483,0.556938883,0.689522517,9.50819
1.843,1.71,0.512487,0.088407,0.0313013,-0.011115,0.604265,-0.086013,0.0328669,0.674619,0.404014316,0.725419483,0.556938883,0.689522517,16.8828
2.047,1.71,0.512487,0.088407,0.0313013,-0.011115,0.604265,-0.086013,0.0328669,0.674619,0.404014316,0.725419483,0.556938883,0.689522517,25.4375
2.253,1.71,0.512487,0.088407,0.0313013,-0.011115,0.604265,-0.086013,0.0328669,0.674619,0.404014316,0.725419483,0.556938883,0.689522517,31.6353
2.457,1.71,0.512487,0.088407,0.0313013,-0.011115,0.604265,-0.086013,0.0328669,0.674619,0.404014316,0.725419483,0.556938883,0.689522517,36.7719
2.662,1.71,0.512487,0.088407,0.0313013,-0.011115,0.604265,-0.086013,0.0328669,0.674619,0.404014316,0.725419483,0.556938883,0.689522517,40.4613
2.867,1.71,0.512487,0.088407,0.0313013,-0.011115,0.604265,-0.086013,0.0328669,0.674619,0.404014316,0.725419483,0.556938883,0.689522517,43.249
3.072,1.71,0.512487,0.088407,0.0313013,-0.011115,0.604265,-0.086013,0.0328669,0.674619,0.404014316,0.725419483,0.556938883,0.689522517,45.8499
0.442,2,0.5966,0.0946,0.047496,-0.1268,0.834,-0.1686,0.04196,0.92184,0.420777633,0.743465995,0.565967556,0.698960775,0.403863
0.664,2,0.5966,0.0946,0.047496,-0.1268,0.834,-0.1686,0.04196,0.92184,0.420777633,0.743465995,0.565967556,0.698960775,0.951162
0.885,2,0.5966,0.0946,0.047496,-0.1268,0.834,-0.1686,0.04196,0.92184,0.420777633,0.743465995,0.565967556,0.698960775,1.77408
1.109,2,0.5966,0.0946,0.047496,-0.1268,0.834,-0.1686,0.04196,0.92184,0.420777633,0.743465995,0.565967556,0.698960775,2.94003
1.33,2,0.5966,0.0946,0.047496,-0.1268,0.834,-0.1686,0.04196,0.92184,0.420777633,0.743465995,0.565967556,0.698960775,4.80453
1.549,2,0.5966,0.0946,0.047496,-0.1268,0.834,-0.1686,0.04196,0.92184,0.420777633,0.743465995,0.565967556,0.698960775,7.47777
1.768,2,0.5966,0.0946,0.047496,-0.1268,0.834,-0.1686,0.04196,0.92184,0.420777633,0.743465995,0.565967556,0.698960775,12.6588
1.99,2,0.5966,0.0946,0.047496,-0.1268,0.834,-0.1686,0.04196,0.92184,0.420777633,0.743465995,0.565967556,0.698960775,23.0171
2.219,2,0.5966,0.0946,0.047496,-0.1268,0.834,-0.1686,0.04196,0.92184,0.420777633,0.743465995,0.565967556,0.698960775,34.7132
2.438,2,0.5966,0.0946,0.047496,-0.1268,0.834,-0.1686,0.04196,0.92184,0.420777633,0.743465995,0.565967556,0.698960775,43.1614
2.658,2,0.5966,0.0946,0.047496,-0.1268,0.834,-0.1686,0.04196,0.92184,0.420777633,0.743465995,0.565967556,0.698960775,51.6484
2.878,2,0.5966,0.0946,0.047496,-0.1268,0.834,-0.1686,0.04196,0.92184,0.420777633,0.743465995,0.565967556,0.698960775,57.8409
3.097,2,0.5966,0.0946,0.047496,-0.1268,0.834,-0.1686,0.04196,0.92184,0.420777633,0.743465995,0.565967556,0.698960775,62.6904
3.318,2,0.5966,0.0946,0.047496,-0.1268,0.834,-0.1686,0.04196,0.92184,0.420777633,0.743465995,0.565967556,0.698960775,66.9168
0.441,2,0.6,0.0946,0.047536,-0.158,0.82552,-0.1828,0.04412,0.91696,0.418745586,0.777307916,0.538712623,0.687933288,0.459738
0.664,2,0.6,0.0946,0.047536,-0.158,0.82552,-0.1828,0.04412,0.91696,0.418745586,0.777307916,0.538712623,0.687933288,1.01145
0.8855,2,0.6,0.0946,0.047536,-0.158,0.82552,-0.1828,0.04412,0.91696,0.418745586,0.777307916,0.538712623,0.687933288,1.79798
1.109,2,0.6,0.0946,0.047536,-0.158,0.82552,-0.1828,0.04412,0.91696,0.418745586,0.777307916,0.538712623,0.687933288,2.96605
1.3296,2,0.6,0.0946,0.047536,-0.158,0.82552,-0.1828,0.04412,0.91696,0.418745586,0.777307916,0.538712623,0.687933288,4.69566
1.55,2,0.6,0.0946,0.047536,-0.158,0.82552,-0.1828,0.04412,0.91696,0.418745586,0.777307916,0.538712623,0.687933288,7.4538
1.77,2,0.6,0.0946,0.047536,-0.158,0.82552,-0.1828,0.04412,0.91696,0.418745586,0.777307916,0.538712623,0.687933288,13.0617
1.99,2,0.6,0.0946,0.047536,-0.158,0.82552,-0.1828,0.04412,0.91696,0.418745586,0.777307916,0.538712623,0.687933288,23.8431
2.22,2,0.6,0.0946,0.047536,-0.158,0.82552,-0.1828,0.04412,0.91696,0.418745586,0.777307916,0.538712623,0.687933288,37.3228
2.439,2,0.6,0.0946,0.047536,-0.158,0.82552,-0.1828,0.04412,0.91696,0.418745586,0.777307916,0.538712623,0.687933288,47.2768
2.659,2,0.6,0.0946,0.047536,-0.158,0.82552,-0.1828,0.04412,0.91696,0.418745586,0.777307916,0.538712623,0.687933288,56.9019
2.8798,2,0.6,0.0946,0.047536,-0.158,0.82552,-0.1828,0.04412,0.91696,0.418745586,0.777307916,0.538712623,0.687933288,63.1404
3.0994,2,0.6,0.0946,0.047536,-0.158,0.82552,-0.1828,0.04412,0.91696,0.418745586,0.777307916,0.538712623,0.687933288,67.6855
0.451499,2.07771,0.532101,0.0924579,0.0414107,-0.0945356,0.75925,-0.147517,0.0368228,0.838119,0.405125504,0.748477473,0.541266128,0.686761317,0.437584
0.564374,2.07771,0.532101,0.0924579,0.0414107,-0.0945356,0.75925,-0.147517,0.0368228,0.838119,0.405125504,0.748477473,0.541266128,0.686761317,0.671474
0.677249,2.07771,0.532101,0.0924579,0.0414107,-0.0945356,0.75925,-0.147517,0.0368228,0.838119,0.405125504,0.748477473,0.541266128,0.686761317,0.935563
0.790124,2.07771,0.532101,0.0924579,0.0414107,-0.0945356,0.75925,-0.147517,0.0368228,0.838119,0.405125504,0.748477473,0.541266128,0.686761317,1.25985
0.902999,2.07771,0.532101,0.0924579,0.0414107,-0.0945356,0.75925,-0.147517,0.0368228,0.838119,0.405125504,0.748477473,0.541266128,0.686761317,1.59833
1.01587,2.07771,0.532101,0.0924579,0.0414107,-0.0945356,0.75925,-0.147517,0.0368228,0.838119,0.405125504,0.748477473,0.541266128,0.686761317,2.08402
1.12875,2.07771,0.532101,0.0924579,0.0414107,-0.0945356,0.75925,-0.147517,0.0368228,0.838119,0.405125504,0.748477473,0.541266128,0.686761317,2.6399
1.24162,2.07771,0.532101,0.0924579,0.0414107,-0.0945356,0.75925,-0.147517,0.0368228,0.838119,0.405125504,0.748477473,0.541266128,0.686761317,3.11898
1.3545,2.07771,0.532101,0.0924579,0.0414107,-0.0945356,0.75925,-0.147517,0.0368228,0.838119,0.405125504,0.748477473,0.541266128,0.686761317,3.92325
1.46737,2.07771,0.532101,0.0924579,0.0414107,-0.0945356,0.75925,-0.147517,0.0368228,0.838119,0.405125504,0.748477473,0.541266128,0.686761317,4.85373
1.58025,2.07771,0.532101,0.0924579,0.0414107,-0.0945356,0.75925,-0.147517,0.0368228,0.838119,0.405125504,0.748477473,0.541266128,0.686761317,6.2034
1.69312,2.07771,0.532101,0.0924579,0.0414107,-0.0945356,0.75925,-0.147517,0.0368228,0.838119,0.405125504,0.748477473,0.541266128,0.686761317,7.96927
1.806,2.07771,0.532101,0.0924579,0.0414107,-0.0945356,0.75925,-0.147517,0.0368228,0.838119,0.405125504,0.748477473,0.541266128,0.686761317,11.1313
1.91887,2.07771,0.532101,0.0924579,0.0414107,-0.0945356,0.75925,-0.147517,0.0368228,0.838119,0.405125504,0.748477473,0.541266128,0.686761317,15.5876
2.03175,2.07771,0.532101,0.0924579,0.0414107,-0.0945356,0.75925,-0.147517,0.0368228,0.838119,0.405125504,0.748477473,0.541266128,0.686761317,19.8551
2.14462,2.07771,0.532101,0.0924579,0.0414107,-0.0945356,0.75925,-0.147517,0.0368228,0.838119,0.405125504,0.748477473,0.541266128,0.686761317,24.9287
2.2575,2.07771,0.532101,0.0924579,0.0414107,-0.0945356,0.75925,-0.147517,0.0368228,0.838119,0.405125504,0.748477473,0.541266128,0.686761317,29.3656
2.37037,2.07771,0.532101,0.0924579,0.0414107,-0.0945356,0.75925,-0.147517,0.0368228,0.838119,0.405125504,0.748477473,0.541266128,0.686761317,32.7856
2.48325,2.07771,0.532101,0.0924579,0.0414107,-0.0945356,0.75925,-0.147517,0.0368228,0.838119,0.405125504,0.748477473,0.541266128,0.686761317,36.3949
2.59612,2.07771,0.532101,0.0924579,0.0414107,-0.0945356,0.75925,-0.147517,0.0368228,0.838119,0.405125504,0.748477473,0.541266128,0.686761317,39.9194
2.709,2.07771,0.532101,0.0924579,0.0414107,-0.0945356,0.75925,-0.147517,0.0368228,0.838119,0.405125504,0.748477473,0.541266128,0.686761317,42.764
0.451282,2.07791,0.55828,0.083316,0.0414286,-0.0943279,0.806045,-0.151049,0.0367797,0.879475,0.428640364,0.790729128,0.542082426,0.694833104,0.425222
0.564103,2.07791,0.55828,0.083316,0.0414286,-0.0943279,0.806045,-0.151049,0.0367797,0.879475,0.428640364,0.790729128,0.542082426,0.694833104,0.705909
0.676923,2.07791,0.55828,0.083316,0.0414286,-0.0943279,0.806045,-0.151049,0.0367797,0.879475,0.428640364,0.790729128,0.542082426,0.694833104,1.02175
0.789744,2.07791,0.55828,0.083316,0.0414286,-0.0943279,0.806045,-0.151049,0.0367797,0.879475,0.428640364,0.790729128,0.542082426,0.694833104,1.37474
0.902564,2.07791,0.55828,0.083316,0.0414286,-0.0943279,0.806045,-0.151049,0.0367797,0.879475,0.428640364,0.790729128,0.542082426,0.694833104,1.69089
1.01538,2.07791,0.55828,0.083316,0.0414286,-0.0943279,0.806045,-0.151049,0.0367797,0.879475,0.428640364,0.790729128,0.542082426,0.694833104,2.22419
1.12821,2.07791,0.55828,0.083316,0.0414286,-0.0943279,0.806045,-0.151049,0.0367797,0.879475,0.428640364,0.790729128,0.542082426,0.694833104,2.79564
1.24103,2.07791,0.55828,0.083316,0.0414286,-0.0943279,0.806045,-0.151049,0.0367797,0.879475,0.428640364,0.790729128,0.542082426,0.694833104,3.33524
1.35385,2.07791,0.55828,0.083316,0.0414286,-0.0943279,0.806045,-0.151049,0.0367797,0.879475,0.428640364,0.790729128,0.542082426,0.694833104,4.286
1.46667,2.07791,0.55828,0.083316,0.0414286,-0.0943279,0.806045,-0.151049,0.0367797,0.879475,0.428640364,0.790729128,0.542082426,0.694833104,5.26891
1.57949,2.07791,0.55828,0.083316,0.0414286,-0.0943279,0.806045,-0.151049,0.0367797,0.879475,0.428640364,0.790729128,0.542082426,0.694833104,6.52897
1.69231,2.07791,0.55828,0.083316,0.0414286,-0.0943279,0.806045,-0.151049,0.0367797,0.879475,0.428640364,0.790729128,0.542082426,0.694833104,8.47418
1.80513,2.07791,0.55828,0.083316,0.0414286,-0.0943279,0.806045,-0.151049,0.0367797,0.879475,0.428640364,0.790729128,0.542082426,0.694833104,11.8936
1.91795,2.07791,0.55828,0.083316,0.0414286,-0.0943279,0.806045,-0.151049,0.0367797,0.879475,0.428640364,0.790729128,0.542082426,0.694833104,15.6481
2.03077,2.07791,0.55828,0.083316,0.0414286,-0.0943279,0.806045,-0.151049,0.0367797,0.879475,0.428640364,0.790729128,0.542082426,0.694833104,20.9887
2.14359,2.07791,0.55828,0.083316,0.0414286,-0.0943279,0.806045,-0.151049,0.0367797,0.879475,0.428640364,0.790729128,0.542082426,0.694833104,25.0826
2.25641,2.07791,0.55828,0.083316,0.0414286,-0.0943279,0.806045,-0.151049,0.0367797,0.879475,0.428640364,0.790729128,0.542082426,0.694833104,30.2736
2.36923,2.07791,0.55828,0.083316,0.0414286,-0.0943279,0.806045,-0.151049,0.0367797,0.879475,0.428640364,0.790729128,0.542082426,0.694833104,33.8907
2.48205,2.07791,0.55828,0.083316,0.0414286,-0.0943279,0.806045,-0.151049,0.0367797,0.879475,0.428640364,0.790729128,0.542082426,0.694833104,37.675
2.59487,2.07791,0.55828,0.083316,0.0414286,-0.0943279,0.806045,-0.151049,0.0367797,0.879475,0.428640364,0.790729128,0.542082426,0.694833104,41.3554
2.70769,2.07791,0.55828,0.083316,0.0414286,-0.0943279,0.806045,-0.151049,0.0367797,0.879475,0.428640364,0.790729128,0.542082426,0.694833104,44.341
0.451499,2.07791,0.505714,0.107417,0.0413389,-0.0930812,0.715434,-0.142946,0.0367365,0.804145,0.366230215,0.676269447,0.541544818,0.68082875,0.392078
0.564374,2.07791,0.505714,0.107417,0.0413389,-0.0930812,0.715434,-0.142946,0.0367365,0.804145,0.366230215,0.676269447,0.541544818,0.68082875,0.617748
0.677249,2.07791,0.505714,0.107417,0.0413389,-0.0930812,0.715434,-0.142946,0.0367365,0.804145,0.366230215,0.676269447,0.541544818,0.68082875,0.877677
0.790124,2.07791,0.505714,0.107417,0.0413389,-0.0930812,0.715434,-0.142946,0.0367365,0.804145,0.366230215,0.676269447,0.541544818,0.68082875,1.21587
0.902999,2.07791,0.505714,0.107417,0.0413389,-0.0930812,0.715434,-0.142946,0.0367365,0.804145,0.366230215,0.676269447,0.541544818,0.68082875,1.54031
1.01587,2.07791,0.505714,0.107417,0.0413389,-0.0930812,0.715434,-0.142946,0.0367365,0.804145,0.366230215,0.676269447,0.541544818,0.68082875,1.99102
1.12875,2.07791,0.505714,0.107417,0.0413389,-0.0930812,0.715434,-0.142946,0.0367365,0.804145,0.366230215,0.676269447,0.541544818,0.68082875,2.53099
1.24162,2.07791,0.505714,0.107417,0.0413389,-0.0930812,0.715434,-0.142946,0.0367365,0.804145,0.366230215,0.676269447,0.541544818,0.68082875,3.11722
1.3545,2.07791,0.505714,0.107417,0.0413389,-0.0930812,0.715434,-0.142946,0.0367365,0.804145,0.366230215,0.676269447,0.541544818,0.68082875,3.72771
1.46737,2.07791,0.505714,0.107417,0.0413389,-0.0930812,0.715434,-0.142946,0.0367365,0.804145,0.366230215,0.676269447,0.541544818,0.68082875,4.77745
1.58025,2.07791,0.505714,0.107417,0.0413389,-0.0930812,0.715434,-0.142946,0.0367365,0.804145,0.366230215,0.676269447,0.541544818,0.68082875,5.80646
1.69312,2.07791,0.505714,0.107417,0.0413389,-0.0930812,0.715434,-0.142946,0.0367365,0.804145,0.366230215,0.676269447,0.541544818,0.68082875,7.68773
1.806,2.07791,0.505714,0.107417,0.0413389,-0.0930812,0.715434,-0.142946,0.0367365,0.804145,0.366230215,0.676269447,0.541544818,0.68082875,11.1303
1.91887,2.07791,0.505714,0.107417,0.0413389,-0.0930812,0.715434,-0.142946,0.0367365,0.804145,0.366230215,0.676269447,0.541544818,0.68082875,15.494
2.03175,2.07791,0.505714,0.107417,0.0413389,-0.0930812,0.715434,-0.142946,0.0367365,0.804145,0.366230215,0.676269447,0.541544818,0.68082875,20.2371
2.14462,2.07791,0.505714,0.107417,0.0413389,-0.0930812,0.715434,-0.142946,0.0367365,0.804145,0.366230215,0.676269447,0.541544818,0.68082875,24.6854
2.2575,2.07791,0.505714,0.107417,0.0413389,-0.0930812,0.715434,-0.142946,0.0367365,0.804145,0.366230215,0.676269447,0.541544818,0.68082875,29.053
2.37037,2.07791,0.505714,0.107417,0.0413389,-0.0930812,0.715434,-0.142946,0.0367365,0.804145,0.366230215,0.676269447,0.541544818,0.68082875,32.4798
2.48325,2.07791,0.505714,0.107417,0.0413389,-0.0930812,0.715434,-0.142946,0.0367365,0.804145,0.366230215,0.676269447,0.541544818,0.68082875,35.9419
2.59612,2.07791,0.505714,0.107417,0.0413389,-0.0930812,0.715434,-0.142946,0.0367365,0.804145,0.366230215,0.676269447,0.541544818,0.68082875,39.4922
2.709,2.07791,0.505714,0.107417,0.0413389,-0.0930812,0.715434,-0.142946,0.0367365,0.804145,0.366230215,0.676269447,0.541544818,0.68082875,42.5298
0.659,2.0004,0.4022,0.118,0.036896,-0.1204,0.51428,-0.163,0.0354,0.6752,0.388631817,0.745897523,0.521025751,0.639205808,0.61688
0.778,2.0004,0.4022,0.118,0.036896,-0.1204,0.51428,-0.163,0.0354,0.6752,0.388631817,0.745897523,0.521025751,0.639205808,0.847907
0.887,2.0004,0.4022,0.118,0.036896,-0.1204,0.51428,-0.163,0.0354,0.6752,0.388631817,0.745897523,0.521025751,0.639205808,1.1581
0.994,2.0004,0.4022,0.118,0.036896,-0.1204,0.51428,-0.163,0.0354,0.6752,0.388631817,0.745897523,0.521025751,0.639205808,1.42882
1.106,2.0004,0.4022,0.118,0.036896,-0.1204,0.51428,-0.163,0.0354,0.6752,0.388631817,0.745897523,0.521025751,0.639205808,1.85259
1.215,2.0004,0.4022,0.118,0.036896,-0.1204,0.51428,-0.163,0.0354,0.6752,0.388631817,0.745897523,0.521025751,0.639205808,2.55425
1.325,2.0004,0.4022,0.118,0.036896,-0.1204,0.51428,-0.163,0.0354,0.6752,0.388631817,0.745897523,0.521025751,0.639205808,3.38428
1.432,2.0004,0.4022,0.118,0.036896,-0.1204,0.51428,-0.163,0.0354,0.6752,0.388631817,0.745897523,0.521025751,0.639205808,4.28957
1.542,2.0004,0.4022,0.118,0.036896,-0.1204,0.51428,-0.163,0.0354,0.6752,0.388631817,0.745897523,0.521025751,0.639205808,5.31123
1.652,2.0004,0.4022,0.118,0.036896,-0.1204,0.51428,-0.163,0.0354,0.6752,0.388631817,0.745897523,0.521025751,0.639205808,6.87465
1.762,2.0004,0.4022,0.118,0.036896,-0.1204,0.51428,-0.163,0.0354,0.6752,0.388631817,0.745897523,0.521025751,0.639205808,9.57783
1.872,2.0004,0.4022,0.118,0.036896,-0.1204,0.51428,-0.163,0.0354,0.6752,0.388631817,0.745897523,0.521025751,0.639205808,13.0748
1.982,2.0004,0.4022,0.118,0.036896,-0.1204,0.51428,-0.163,0.0354,0.6752,0.388631817,0.745897523,0.521025751,0.639205808,17.0885
2.09,2.0004,0.4022,0.118,0.036896,-0.1204,0.51428,-0.163,0.0354,0.6752,0.388631817,0.745897523,0.521025751,0.639205808,20.9784
2.201,2.0004,0.4022,0.118,0.036896,-0.1204,0.51428,-0.163,0.0354,0.6752,0.388631817,0.745897523,0.521025751,0.639205808,24.1389
2.32,2.0004,0.4022,0.118,0.036896,-0.1204,0.51428,-0.163,0.0354,0.6752,0.388631817,0.745897523,0.521025751,0.639205808,27.5996
2.428,2.0004,0.4022,0.118,0.036896,-0.1204,0.51428,-0.163,0.0354,0.6752,0.388631817,0.745897523,0.521025751,0.639205808,30.1377
2.539,2.0004,0.4022,0.118,0.036896,-0.1204,0.51428,-0.163,0.0354,0.6752,0.388631817,0.745897523,0.521025751,0.639205808,32.3991
2.649,2.0004,0.4022,0.118,0.036896,-0.1204,0.51428,-0.163,0.0354,0.6752,0.388631817,0.745897523,0.521025751,0.639205808,34.641
2.759,2.0004,0.4022,0.118,0.036896,-0.1204,0.51428,-0.163,0.0354,0.6752,0.388631817,0.745897523,0.521025751,0.639205808,36.4348
2.867,2.0004,0.4022,0.118,0.036896,-0.1204,0.51428,-0.163,0.0354,0.6752,0.388631817,0.745897523,0.521025751,0.639205808,38.4093
2.977,2.0004,0.4022,0.118,0.036896,-0.1204,0.51428,-0.163,0.0354,0.6752,0.388631817,0.745897523,0.521025751,0.639205808,39.9646
3.082,2.0004,0.4022,0.118,0.036896,-0.1204,0.51428,-0.163,0.0354,0.6752,0.388631817,0.745897523,0.521025751,0.639205808,41.8811
3.196,2.0004,0.4022,0.118,0.036896,-0.1204,0.51428,-0.163,0.0354,0.6752,0.388631817,0.745897523,0.521025751,0.639205808,42.7296
3.305,2.0004,0.4022,0.118,0.036896,-0.1204,0.51428,-0.163,0.0354,0.6752,0.388631817,0.745897523,0.521025751,0.639205808,44.8714
0.658,2.0084,0.342,0.06,0.016112,-0.1196,0.4396,-0.1628,0.01548,0.50056,0.390950601,0.754385945,0.518236857,0.640002034,0.36075
0.778,2.0084,0.342,0.06,0.016112,-0.1196,0.4396,-0.1628,0.01548,0.50056,0.390950601,0.754385945,0.518236857,0.640002034,0.560935
0.887,2.0084,0.342,0.06,0.016112,-0.1196,0.4396,-0.1628,0.01548,0.50056,0.390950601,0.754385945,0.518236857,0.640002034,0.757225
0.993,2.0084,0.342,0.06,0.016112,-0.1196,0.4396,-0.1628,0.01548,0.50056,0.390950601,0.754385945,0.518236857,0.640002034,0.993779
1.105,2.0084,0.342,0.06,0.016112,-0.1196,0.4396,-0.1628,0.01548,0.50056,0.390950601,0.754385945,0.518236857,0.640002034,1.28785
1.215,2.0084,0.342,0.06,0.016112,-0.1196,0.4396,-0.1628,0.01548,0.50056,0.390950601,0.754385945,0.518236857,0.640002034,1.63195
1.324,2.0084,0.342,0.06,0.016112,-0.1196,0.4396,-0.1628,0.01548,0.50056,0.390950601,0.754385945,0.518236857,0.640002034,2.03394
1.432,2.0084,0.342,0.06,0.016112,-0.1196,0.4396,-0.1628,0.01548,0.50056,0.390950601,0.754385945,0.518236857,0.640002034,2.4629
1.542,2.0084,0.342,0.06,0.016112,-0.1196,0.4396,-0.1628,0.01548,0.50056,0.390950601,0.754385945,0.518236857,0.640002034,3.08497
1.652,2.0084,0.342,0.06,0.016112,-0.1196,0.4396,-0.1628,0.01548,0.50056,0.390950601,0.754385945,0.518236857,0.640002034,3.66869
1.762,2.0084,0.342,0.06,0.016112,-0.1196,0.4396,-0.1628,0.01548,0.50056,0.390950601,0.754385945,0.518236857,0.640002034,4.44104
1.872,2.0084,0.342,0.06,0.016112,-0.1196,0.4396,-0.1628,0.01548,0.50056,0.390950601,0.754385945,0.518236857,0.640002034,5.44403
1.981,2.0084,0.342,0.06,0.016112,-0.1196,0.4396,-0.1628,0.01548,0.50056,0.390950601,0.754385945,0.518236857,0.640002034,6.49205
2.091,2.0084,0.342,0.06,0.016112,-0.1196,0.4396,-0.1628,0.01548,0.50056,0.390950601,0.754385945,0.518236857,0.640002034,7.58434
2.201,2.0084,0.342,0.06,0.016112,-0.1196,0.4396,-0.1628,0.01548,0.50056,0.390950601,0.754385945,0.518236857,0.640002034,8.56727
2.319,2.0084,0.342,0.06,0.016112,-0.1196,0.4396,-0.1628,0.01548,0.50056,0.390950601,0.754385945,0.518236857,0.640002034,9.63823
2.429,2.0084,0.342,0.06,0.016112,-0.1196,0.4396,-0.1628,0.01548,0.50056,0.390950601,0.754385945,0.518236857,0.640002034,10.5713
2.537,2.0084,0.342,0.06,0.016112,-0.1196,0.4396,-0.1628,0.01548,0.50056,0.390950601,0.754385945,0.518236857,0.640002034,11.3609
2.648,2.0084,0.342,0.06,0.016112,-0.1196,0.4396,-0.1628,0.01548,0.50056,0.390950601,0.754385945,0.518236857,0.640002034,12.4748
2.758,2.0084,0.342,0.06,0.016112,-0.1196,0.4396,-0.1628,0.01548,0.50056,0.390950601,0.754385945,0.518236857,0.640002034,13.3877
2.868,2.0084,0.342,0.06,0.016112,-0.1196,0.4396,-0.1628,0.01548,0.50056,0.390950601,0.754385945,0.518236857,0.640002034,14.2973
2.976,2.0084,0.342,0.06,0.016112,-0.1196,0.4396,-0.1628,0.01548,0.50056,0.390950601,0.754385945,0.518236857,0.640002034,15.0418
3.085,2.0084,0.342,0.06,0.016112,-0.1196,0.4396,-0.1628,0.01548,0.50056,0.390950601,0.754385945,0.518236857,0.640002034,15.9983
3.194,2.0084,0.342,0.06,0.016112,-0.1196,0.4396,-0.1628,0.01548,0.50056,0.390950601,0.754385945,0.518236857,0.640002034,16.9355
3.305,2.0084,0.342,0.06,0.016112,-0.1196,0.4396,-0.1628,0.01548,0.50056,0.390950601,0.754385945,0.518236857,0.640002034,17.8231
0.657,2.0008,0.4024,0.074,0.023296,-0.1222,0.51536,-0.1636,0.02244,0.5918,0.391010146,0.753586587,0.518865586,0.640101864,0.49458
0.778,2.0008,0.4024,0.074,0.023296,-0.1222,0.51536,-0.1636,0.02244,0.5918,0.391010146,0.753586587,0.518865586,0.640101864,0.739711
0.886,2.0008,0.4024,0.074,0.023296,-0.1222,0.51536,-0.1636,0.02244,0.5918,0.391010146,0.753586587,0.518865586,0.640101864,1.00022
0.993,2.0008,0.4024,0.074,0.023296,-0.1222,0.51536,-0.1636,0.02244,0.5918,0.391010146,0.753586587,0.518865586,0.640101864,1.28053
1.104,2.0008,0.4024,0.074,0.023296,-0.1222,0.51536,-0.1636,0.02244,0.5918,0.391010146,0.753586587,0.518865586,0.640101864,1.71557
1.214,2.0008,0.4024,0.074,0.023296,-0.1222,0.51536,-0.1636,0.02244,0.5918,0.391010146,0.753586587,0.518865586,0.640101864,2.07833
1.324,2.0008,0.4024,0.074,0.023296,-0.1222,0.51536,-0.1636,0.02244,0.5918,0.391010146,0.753586587,0.518865586,0.640101864,2.6976
1.432,2.0008,0.4024,0.074,0.023296,-0.1222,0.51536,-0.1636,0.02244,0.5918,0.391010146,0.753586587,0.518865586,0.640101864,3.24297
1.543,2.0008,0.4024,0.074,0.023296,-0.1222,0.51536,-0.1636,0.02244,0.5918,0.391010146,0.753586587,0.518865586,0.640101864,3.86099
1.652,2.0008,0.4024,0.074,0.023296,-0.1222,0.51536,-0.1636,0.02244,0.5918,0.391010146,0.753586587,0.518865586,0.640101864,4.82515
1.762,2.0008,0.4024,0.074,0.023296,-0.1222,0.51536,-0.1636,0.02244,0.5918,0.391010146,0.753586587,0.518865586,0.640101864,6.23751
1.871,2.0008,0.4024,0.074,0.023296,-0.1222,0.51536,-0.1636,0.02244,0.5918,0.391010146,0.753586587,0.518865586,0.640101864,7.75075
1.981,2.0008,0.4024,0.074,0.023296,-0.1222,0.51536,-0.1636,0.02244,0.5918,0.391010146,0.753586587,0.518865586,0.640101864,9.87715
2.09,2.0008,0.4024,0.074,0.023296,-0.1222,0.51536,-0.1636,0.02244,0.5918,0.391010146,0.753586587,0.518865586,0.640101864,11.7575
2.206,2.0008,0.4024,0.074,0.023296,-0.1222,0.51536,-0.1636,0.02244,0.5918,0.391010146,0.753586587,0.518865586,0.640101864,13.4852
2.32,2.0008,0.4024,0.074,0.023296,-0.1222,0.51536,-0.1636,0.02244,0.5918,0.391010146,0.753586587,0.518865586,0.640101864,15.3071
2.428,2.0008,0.4024,0.074,0.023296,-0.1222,0.51536,-0.1636,0.02244,0.5918,0.391010146,0.753586587,0.518865586,0.640101864,16.7713
2.538,2.0008,0.4024,0.074,0.023296,-0.1222,0.51536,-0.1636,0.02244,0.5918,0.391010146,0.753586587,0.518865586,0.640101864,18.2131
2.647,2.0008,0.4024,0.074,0.023296,-0.1222,0.51536,-0.1636,0.02244,0.5918,0.391010146,0.753586587,0.518865586,0.640101864,19.619
2.758,2.0008,0.4024,0.074,0.023296,-0.1222,0.51536,-0.1636,0.02244,0.5918,0.391010146,0.753586587,0.518865586,0.640101864,20.9652
2.867,2.0008,0.4024,0.074,0.023296,-0.1222,0.51536,-0.1636,0.02244,0.5918,0.391010146,0.753586587,0.518865586,0.640101864,22.4231
2.976,2.0008,0.4024,0.074,0.023296,-0.1222,0.51536,-0.1636,0.02244,0.5918,0.391010146,0.753586587,0.518865586,0.640101864,23.5746
3.086,2.0008,0.4024,0.074,0.023296,-0.1222,0.51536,-0.1636,0.02244,0.5918,0.391010146,0.753586587,0.518865586,0.640101864,25.009
3.195,2.0008,0.4024,0.074,0.023296,-0.1222,0.51536,-0.1636,0.02244,0.5918,0.391010146,0.753586587,0.518865586,0.640101864,26.3185
3.305,2.0008,0.4024,0.074,0.023296,-0.1222,0.51536,-0.1636,0.02244,0.5918,0.391010146,0.753586587,0.518865586,0.640101864,27.0889
